{"type":"FeatureCollection","features":[{"id":"0","type":"Feature","properties":{"objectid":1,"county":"HAWAII","state_senate":"S01","senate_name":"State Senate District 1","senate_id":1,"senate_abbr":"1ST SEN. DIST.","st_areashape":933220048.5525568,"st_perimetershape":165687.6184777589,"GEOID":"15001","geoid":"15001","name":"State Senate District 1 (2024); Hawaii","below_poverty":8059,"total_population":55680,"median_income":80487,"bachelors_plus":8622,"pop_25_plus":40989,"renter_occupied":6597,"total_housing_units":19872,"b25070_007e":708,"b25070_008e":309,"b25070_009e":288,"b25070_010e":1667,"b25070_001e":6597,"median_rent":1409,"b25077_001e":489400,"b08303_001e":23066,"b08303_008e":1271,"b08303_009e":172,"b08303_010e":360,"b08303_011e":704,"b08303_012e":543,"b08303_013e":1132,"public_transit_workers":237,"b23025_003e":27841,"b23025_005e":1817,"state":15,"sldust":1,"NAME":"State Senate District 1 (2024); Hawaii","poverty_rate":14.47,"bachelors_rate":21.03,"college_educated_pct":21.03,"renter_rate":33.2,"rent_burden_households":2972,"rent_burden_rate":45.05,"severe_rent_burden_rate":25.27,"median_home_value":489400,"unemployment_rate":6.53,"public_transportation_pct":1.03,"travel_time_to_work_minutes":59.0,"high_school_or_higher_pct":93.6,"white_pct":42.99,"black_pct":2.22,"asian_pct":60.39,"nhpi_pct":39.5,"hispanic_pct":10.67,"vacancy_rate":8.82,"total_households":19872,"snap_households":3992,"NAME_tax":"State Senate District 01; Hawaii; Hawaii","state_tax":15,"district_x":1,"total_returns":51294.70228432723,"eitc_returns":8393.072528283124,"eitc_participation_rate":16.36245490179514,"federal_eitc_avg_amount":2405.90436559937,"federal_eitc_total_amount":20192929.836588513,"state_eitc_avg_amount":962.361746239748,"state_eitc_total_amount":8077171.934635405,"ctc_returns":6094.619702686997,"ctc_participation_rate":11.8815772999411,"ctc_avg_amount":1055.8020312863791,"ctc_total_amount":6434711.862014919,"total_population_tax":352093,"district_y":1,"alice_rate":53.0,"snap_household_rate":32.9,"snap_benefit_annual_per_household":8766.98,"snap_benefits_annual_total":57313943.49,"total_schools":16,"cep_schools":10,"cep_percentage":62.5,"cep_display":"10/16 CEP schools","geoid_str":"15001"},"geometry":{"type":"Polygon","coordinates":[[[-155.08329,19.85094],[-155.08386,19.85167],[-155.0847,19.85092],[-155.08645,19.85107],[-155.0897,19.85034],[-155.09365,19.84736],[-155.09336,19.8468],[-155.09554,19.8452],[-155.09542,19.84445],[-155.09843,19.8428],[-155.10125,19.84247],[-155.10235,19.84129],[-155.10421,19.84033],[-155.10531,19.84077],[-155.10958,19.83963],[-155.11055,19.83895],[-155.11221,19.83884],[-155.1166,19.83616],[-155.11755,19.83614],[-155.11908,19.83491],[-155.12038,19.83507],[-155.12098,19.83464],[-155.1218,19.83564],[-155.12225,19.83506],[-155.12327,19.83582],[-155.12586,19.83558],[-155.1303,19.83422],[-155.13628,19.83413],[-155.13815,19.83489],[-155.13959,19.8343],[-155.14223,19.83394],[-155.14244,19.8346],[-155.14822,19.83343],[-155.14948,19.83565],[-155.14809,19.83661],[-155.14918,19.83801],[-155.14801,19.83837],[-155.14732,19.83918],[-155.14613,19.8393],[-155.1471,19.84084],[-155.14354,19.84197],[-155.14513,19.84466],[-155.14887,19.84446],[-155.14932,19.84373],[-155.15068,19.84347],[-155.15138,19.84268],[-155.15404,19.84254],[-155.15593,19.84116],[-155.15671,19.84536],[-155.1572,19.84592],[-155.16118,19.84296],[-155.16264,19.84264],[-155.16366,19.84496],[-155.16801,19.84914],[-155.1721,19.84755],[-155.17202,19.84658],[-155.17269,19.84544],[-155.1742,19.84419],[-155.17514,19.84408],[-155.17637,19.84247],[-155.17663,19.8403],[-155.17852,19.83998],[-155.17947,19.83942],[-155.1802,19.83822],[-155.18189,19.83813],[-155.18389,19.83662],[-155.18409,19.83572],[-155.1857,19.83483],[-155.18979,19.83378],[-155.19034,19.83257],[-155.19172,19.83237],[-155.19296,19.83112],[-155.19516,19.83158],[-155.1977,19.83142],[-155.20047,19.82988],[-155.20378,19.83035],[-155.20616,19.82919],[-155.21051,19.8294],[-155.21564,19.82738],[-155.21882,19.82523],[-155.22114,19.82496],[-155.22359,19.82626],[-155.22499,19.82617],[-155.22639,19.82568],[-155.22813,19.8242],[-155.22955,19.82424],[-155.23084,19.82356],[-155.23277,19.82145],[-155.23898,19.82099],[-155.24262,19.82219],[-155.24421,19.82106],[-155.2509,19.81992],[-155.25108,19.81871],[-155.25295,19.81838],[-155.25496,19.8168],[-155.25744,19.81618],[-155.25802,19.81652],[-155.2584,19.81804],[-155.25991,19.8187],[-155.26085,19.81987],[-155.26228,19.82038],[-155.26545,19.82028],[-155.26627,19.82075],[-155.28882,19.80777],[-155.29335,19.80565],[-155.29548,19.8059],[-155.2986,19.80503],[-155.30349,19.80702],[-155.30721,19.80725],[-155.31342,19.80916],[-155.31598,19.80882],[-155.31941,19.80632],[-155.32341,19.80475],[-155.32454,19.80353],[-155.33076,19.80248],[-155.33547,19.80347],[-155.33545,19.79589],[-155.33838,19.78629],[-155.34368,19.78084],[-155.34308,19.77734],[-155.37051,19.74791],[-155.37352,19.74435],[-155.37351,19.74297],[-155.38941,19.72647],[-155.39687,19.69058],[-155.39019,19.68458],[-155.3785,19.65503],[-155.38009,19.65398],[-155.36555,19.61807],[-155.35616,19.59252],[-155.34829,19.57375],[-155.34069,19.55989],[-155.34024,19.55809],[-155.2996,19.51965],[-155.25825,19.54385],[-155.23373,19.55619],[-155.22101,19.56223],[-155.20735,19.56448],[-155.18606,19.57452],[-155.18425,19.57347],[-155.18276,19.57343],[-155.17506,19.57703],[-155.17041,19.57723],[-155.16987,19.57817],[-155.16911,19.57821],[-155.16936,19.57739],[-155.17758,19.57054],[-155.17047,19.56285],[-155.16711,19.56567],[-155.16136,19.55974],[-155.1267,19.58856],[-155.12793,19.58996],[-155.06482,19.63591],[-155.06342,19.63615],[-155.06157,19.63749],[-155.05992,19.63882],[-155.06005,19.63944],[-155.05826,19.64081],[-155.04808,19.64767],[-155.0483,19.64794],[-155.04584,19.65187],[-155.04254,19.65454],[-155.03871,19.65969],[-155.03069,19.66851],[-155.01016,19.69318],[-155.01049,19.69344],[-155.00098,19.71025],[-155.00061,19.71069],[-154.99834,19.70717],[-154.99052,19.71641],[-154.99096,19.7168],[-154.99082,19.71774],[-154.99213,19.71892],[-154.99247,19.71999],[-154.99218,19.72042],[-154.99276,19.72073],[-154.9927,19.7233],[-154.99417,19.72429],[-154.99452,19.72577],[-154.99487,19.72553],[-154.99506,19.72614],[-154.99614,19.72624],[-154.99602,19.72745],[-154.99763,19.72816],[-154.99802,19.72946],[-155.00059,19.73149],[-155.00055,19.73322],[-155.00094,19.73407],[-155.00153,19.73407],[-155.00118,19.73422],[-155.00143,19.73476],[-155.00392,19.73637],[-155.00582,19.73631],[-155.00608,19.73562],[-155.00715,19.7353],[-155.00999,19.7351],[-155.01045,19.73602],[-155.01101,19.73607],[-155.01106,19.73689],[-155.01147,19.73652],[-155.01133,19.73714],[-155.0128,19.737],[-155.01277,19.73736],[-155.01363,19.73762],[-155.01358,19.73593],[-155.01414,19.73495],[-155.01374,19.73456],[-155.01565,19.73483],[-155.01757,19.73396],[-155.01808,19.73305],[-155.01887,19.73328],[-155.01994,19.73251],[-155.02229,19.73217],[-155.02136,19.73244],[-155.02297,19.73407],[-155.02366,19.73372],[-155.02422,19.73512],[-155.02614,19.7357],[-155.02698,19.73552],[-155.02728,19.73443],[-155.02837,19.73371],[-155.02807,19.73332],[-155.02833,19.73319],[-155.02978,19.73415],[-155.03007,19.73499],[-155.03074,19.73432],[-155.03167,19.73421],[-155.03186,19.73502],[-155.03123,19.73509],[-155.03133,19.73584],[-155.03076,19.7364],[-155.03158,19.73665],[-155.03203,19.73813],[-155.03262,19.73671],[-155.03362,19.73745],[-155.03416,19.73713],[-155.0344,19.73803],[-155.03514,19.73852],[-155.03554,19.73787],[-155.03743,19.73776],[-155.03907,19.73812],[-155.03907,19.73879],[-155.03956,19.73839],[-155.04018,19.73908],[-155.04047,19.73835],[-155.04039,19.73798],[-155.03986,19.73824],[-155.04013,19.73774],[-155.04125,19.7378],[-155.04186,19.73852],[-155.04193,19.73798],[-155.04298,19.73751],[-155.0425,19.73649],[-155.04263,19.73444],[-155.04345,19.73479],[-155.04417,19.73448],[-155.04458,19.73492],[-155.04429,19.73374],[-155.04611,19.73265],[-155.0456,19.73224],[-155.04543,19.7327],[-155.04521,19.73195],[-155.04675,19.73155],[-155.04792,19.7323],[-155.0503,19.73214],[-155.05427,19.73463],[-155.06033,19.74094],[-155.06287,19.74296],[-155.06661,19.74381],[-155.07506,19.74297],[-155.06662,19.74363],[-155.06298,19.74279],[-155.0605,19.74086],[-155.05435,19.73449],[-155.05171,19.73273],[-155.05159,19.73179],[-155.05207,19.73128],[-155.05335,19.73129],[-155.05334,19.733],[-155.05427,19.73357],[-155.05431,19.73001],[-155.05658,19.73049],[-155.05529,19.72924],[-155.05969,19.72751],[-155.05978,19.72662],[-155.06066,19.72627],[-155.06094,19.72565],[-155.06191,19.72554],[-155.0625,19.72475],[-155.06167,19.72443],[-155.06223,19.72374],[-155.06281,19.72573],[-155.06256,19.72649],[-155.06211,19.72649],[-155.0623,19.72781],[-155.06298,19.72821],[-155.06376,19.72978],[-155.06467,19.7304],[-155.06556,19.73022],[-155.06726,19.72822],[-155.06805,19.72861],[-155.06805,19.72779],[-155.06915,19.72771],[-155.07005,19.72616],[-155.07136,19.72582],[-155.0708,19.7247],[-155.07094,19.72389],[-155.07011,19.72351],[-155.07013,19.72261],[-155.07078,19.72256],[-155.07078,19.72346],[-155.0716,19.72371],[-155.07917,19.72336],[-155.08256,19.72395],[-155.085,19.7252],[-155.08666,19.72758],[-155.08644,19.72796],[-155.0872,19.7279],[-155.08753,19.72834],[-155.08863,19.73284],[-155.09075,19.73468],[-155.09048,19.7371],[-155.08944,19.73815],[-155.08998,19.73834],[-155.09048,19.73989],[-155.08973,19.74242],[-155.08999,19.74649],[-155.0912,19.74874],[-155.09078,19.75097],[-155.08989,19.75227],[-155.09128,19.75644],[-155.09125,19.75685],[-155.09008,19.75697],[-155.09053,19.75838],[-155.09008,19.75877],[-155.09031,19.75968],[-155.08944,19.76084],[-155.08973,19.76125],[-155.08926,19.76271],[-155.0885,19.76278],[-155.08939,19.76386],[-155.08866,19.76553],[-155.09066,19.76773],[-155.09078,19.76873],[-155.08961,19.76971],[-155.08959,19.77311],[-155.08854,19.77337],[-155.0873,19.77526],[-155.0873,19.77715],[-155.08825,19.77778],[-155.08819,19.77851],[-155.0872,19.7794],[-155.08712,19.78033],[-155.08657,19.78042],[-155.08599,19.7829],[-155.0861,19.78355],[-155.08728,19.7843],[-155.08744,19.78516],[-155.08845,19.78569],[-155.08949,19.78717],[-155.08952,19.78979],[-155.09031,19.79011],[-155.08948,19.792],[-155.09015,19.79477],[-155.08917,19.79648],[-155.08766,19.7967],[-155.0878,19.79723],[-155.08675,19.79795],[-155.08688,19.79904],[-155.08581,19.8004],[-155.08702,19.80099],[-155.08614,19.80187],[-155.08699,19.80401],[-155.08996,19.804],[-155.09096,19.80487],[-155.09054,19.80625],[-155.09164,19.8062],[-155.09303,19.80688],[-155.09234,19.80813],[-155.09332,19.80897],[-155.09249,19.80897],[-155.09364,19.81012],[-155.09315,19.81079],[-155.09245,19.81039],[-155.08914,19.81041],[-155.09135,19.81117],[-155.09158,19.81194],[-155.09014,19.81344],[-155.09014,19.81478],[-155.08779,19.81804],[-155.08814,19.81986],[-155.0917,19.82059],[-155.08888,19.82027],[-155.08618,19.82377],[-155.08674,19.82533],[-155.08511,19.82636],[-155.08566,19.8269],[-155.08462,19.83056],[-155.08372,19.83146],[-155.08369,19.83429],[-155.0823,19.8359],[-155.08335,19.83622],[-155.08271,19.83755],[-155.08337,19.83841],[-155.08303,19.83865],[-155.08378,19.83916],[-155.08345,19.83931],[-155.08427,19.83956],[-155.08384,19.84087],[-155.08438,19.84122],[-155.08401,19.84193],[-155.08473,19.84271],[-155.08394,19.84466],[-155.0829,19.84485],[-155.08157,19.84635],[-155.08199,19.84809],[-155.08405,19.84911],[-155.08398,19.85014],[-155.08329,19.85094]]]}},{"id":"1","type":"Feature","properties":{"objectid":2,"county":"HAWAII","state_senate":"S02","senate_name":"State Senate District 2","senate_id":2,"senate_abbr":"2ND SEN. DIST.","st_areashape":1153049247.4891486,"st_perimetershape":196570.7820996911,"GEOID":"15002","geoid":"15002","name":"State Senate District 2 (2024); Hawaii","below_poverty":10383,"total_population":48687,"median_income":63622,"bachelors_plus":5351,"pop_25_plus":35570,"renter_occupied":3981,"total_housing_units":18907,"b25070_007e":368,"b25070_008e":305,"b25070_009e":177,"b25070_010e":1093,"b25070_001e":3981,"median_rent":1291,"b25077_001e":348900,"b08303_001e":15921,"b08303_008e":4062,"b08303_009e":824,"b08303_010e":1041,"b08303_011e":1934,"b08303_012e":1141,"b08303_013e":914,"public_transit_workers":135,"b23025_003e":19967,"b23025_005e":1226,"state":15,"sldust":2,"NAME":"State Senate District 2 (2024); Hawaii","poverty_rate":21.33,"bachelors_rate":15.04,"college_educated_pct":15.04,"renter_rate":21.06,"rent_burden_households":1943,"rent_burden_rate":48.81,"severe_rent_burden_rate":27.46,"median_home_value":348900,"unemployment_rate":6.14,"public_transportation_pct":0.85,"travel_time_to_work_minutes":48.06,"high_school_or_higher_pct":92.59,"white_pct":62.64,"black_pct":3.15,"asian_pct":40.33,"nhpi_pct":37.31,"hispanic_pct":15.62,"vacancy_rate":11.1,"total_households":18907,"snap_households":5210,"NAME_tax":"State Senate District 02; Hawaii; Hawaii","state_tax":15,"district_x":2,"total_returns":32611.27431333255,"eitc_returns":7852.670045974301,"eitc_participation_rate":24.079617283657857,"federal_eitc_avg_amount":2463.735599917135,"federal_eitc_total_amount":19346902.74666981,"state_eitc_avg_amount":985.494239966854,"state_eitc_total_amount":7738761.098667924,"ctc_returns":5320.987858069079,"ctc_participation_rate":16.31640581396626,"ctc_avg_amount":1132.123840831017,"ctc_total_amount":6024017.210892373,"total_population_tax":331121,"district_y":2,"alice_rate":64.0,"snap_household_rate":45.129999999999995,"snap_benefit_annual_per_household":8766.98,"snap_benefits_annual_total":74801013.42,"total_schools":11,"cep_schools":8,"cep_percentage":72.72727272727273,"cep_display":"8/11 CEP schools","geoid_str":"15002"},"geometry":{"type":"Polygon","coordinates":[[[-154.99075,19.71602],[-154.99052,19.71641],[-154.99834,19.70717],[-155.00061,19.71069],[-155.00098,19.71025],[-155.01049,19.69344],[-155.01016,19.69318],[-155.03069,19.66851],[-155.03871,19.65969],[-155.04254,19.65454],[-155.04584,19.65187],[-155.0483,19.64794],[-155.04808,19.64767],[-155.05826,19.64081],[-155.06005,19.63944],[-155.05992,19.63882],[-155.06157,19.63749],[-155.06342,19.63615],[-155.06482,19.63591],[-155.12793,19.58996],[-155.1267,19.58856],[-155.16136,19.55974],[-155.16711,19.56567],[-155.17047,19.56285],[-155.17758,19.57054],[-155.16892,19.57805],[-155.16987,19.57817],[-155.17041,19.57723],[-155.17506,19.57703],[-155.18276,19.57343],[-155.18425,19.57347],[-155.18606,19.57452],[-155.20735,19.56448],[-155.22101,19.56223],[-155.25825,19.54385],[-155.25001,19.53729],[-155.24077,19.52864],[-155.22741,19.53604],[-155.19492,19.49558],[-155.19221,19.49941],[-155.18512,19.49492],[-155.1832,19.49759],[-155.17884,19.49481],[-155.18263,19.48947],[-155.18316,19.48981],[-155.18358,19.4884],[-155.18668,19.48377],[-155.18249,19.48104],[-155.1844,19.47838],[-155.19308,19.48402],[-155.1933,19.48372],[-155.19096,19.48201],[-155.19227,19.47974],[-155.18993,19.47058],[-155.1884,19.46943],[-155.18933,19.46795],[-155.18391,19.46409],[-155.18298,19.46516],[-155.17168,19.45744],[-155.17324,19.45572],[-155.17514,19.45467],[-155.19547,19.45036],[-155.19929,19.44907],[-155.21896,19.43897],[-155.2359,19.42451],[-155.2386,19.42341],[-155.24292,19.4225],[-155.24253,19.42176],[-155.23937,19.42272],[-155.23922,19.42078],[-155.23714,19.41944],[-155.23308,19.41563],[-155.2368,19.41455],[-155.23783,19.41364],[-155.23865,19.41547],[-155.24056,19.4147],[-155.23951,19.41439],[-155.23842,19.41259],[-155.23857,19.41133],[-155.23961,19.40975],[-155.23941,19.40884],[-155.24004,19.40838],[-155.24185,19.40961],[-155.24349,19.40883],[-155.24883,19.40843],[-155.25019,19.40778],[-155.25169,19.4059],[-155.25306,19.40535],[-155.25337,19.39947],[-155.25142,19.39474],[-155.24734,19.38974],[-155.24595,19.3873],[-155.23402,19.37262],[-155.23237,19.37173],[-155.22663,19.37132],[-155.22468,19.36839],[-155.22233,19.3665],[-155.2218,19.36426],[-155.22435,19.3583],[-155.22201,19.35343],[-155.21934,19.35121],[-155.21877,19.34883],[-155.21798,19.34767],[-155.21319,19.34592],[-155.21137,19.34224],[-155.209,19.34047],[-155.20724,19.3379],[-155.20307,19.33627],[-155.20078,19.33245],[-155.19576,19.33119],[-155.19219,19.3275],[-155.19055,19.32748],[-155.18775,19.32872],[-155.18593,19.32853],[-155.18477,19.32769],[-155.18244,19.32459],[-155.17859,19.32317],[-155.17693,19.32038],[-155.169,19.31684],[-155.16401,19.31832],[-155.15451,19.31449],[-155.14518,19.31295],[-155.14161,19.31297],[-155.13083,19.3148],[-155.1288,19.3147],[-155.12831,19.31366],[-155.1288,19.31275],[-155.13293,19.31169],[-155.13658,19.30934],[-155.13989,19.30865],[-155.14299,19.30673],[-155.14637,19.30722],[-155.14795,19.30683],[-155.15405,19.30281],[-155.15482,19.30166],[-155.15488,19.30002],[-155.15361,19.29833],[-155.15027,19.29682],[-155.14871,19.29378],[-155.14778,19.29295],[-155.14136,19.29137],[-155.13731,19.29161],[-155.1325,19.29012],[-155.12008,19.28294],[-155.11824,19.28278],[-155.11652,19.28329],[-155.1126,19.28638],[-155.10652,19.28987],[-155.09995,19.29441],[-155.09326,19.29732],[-155.09,19.29925],[-155.07934,19.31055],[-155.07599,19.31472],[-155.07182,19.31802],[-155.06417,19.32224],[-155.05776,19.32425],[-155.05595,19.3241],[-155.05154,19.32166],[-155.04967,19.32144],[-155.04635,19.32218],[-155.04243,19.32479],[-155.03472,19.32806],[-155.02954,19.33132],[-155.02412,19.32984],[-155.02248,19.33593],[-155.02193,19.33612],[-155.01636,19.32833],[-155.01364,19.33119],[-155.01129,19.3327],[-155.00599,19.33287],[-155.0046,19.33335],[-155.00001,19.33657],[-154.99599,19.33738],[-154.99317,19.34016],[-154.99253,19.33983],[-154.99227,19.34024],[-154.99187,19.34],[-154.98989,19.34067],[-154.98781,19.3417],[-154.98541,19.3438],[-154.98357,19.34445],[-154.9831,19.34416],[-154.98316,19.34448],[-154.97816,19.34621],[-154.97618,19.34778],[-154.97219,19.34962],[-154.97098,19.35094],[-154.96911,19.35492],[-154.96788,19.35643],[-154.96262,19.36029],[-154.95924,19.36514],[-154.95707,19.36586],[-154.9562,19.36743],[-154.95438,19.36882],[-154.95297,19.36925],[-154.94791,19.37376],[-154.94291,19.37703],[-154.94227,19.37814],[-154.93947,19.38061],[-154.93443,19.38352],[-154.93387,19.38527],[-154.93066,19.39093],[-154.93041,19.39265],[-154.92893,19.39459],[-154.92776,19.39518],[-154.92692,19.39504],[-154.92679,19.39458],[-154.92461,19.39492],[-154.92179,19.39657],[-154.92141,19.39732],[-154.91938,19.39784],[-154.91877,19.39851],[-154.91836,19.39832],[-154.91665,19.40063],[-154.91375,19.4033],[-154.90913,19.40576],[-154.90774,19.4071],[-154.90531,19.40781],[-154.90383,19.40909],[-154.90189,19.4092],[-154.90009,19.41028],[-154.89934,19.40993],[-154.89855,19.41092],[-154.89623,19.4121],[-154.89654,19.41246],[-154.89582,19.41316],[-154.89268,19.41429],[-154.89136,19.41406],[-154.88895,19.41591],[-154.88844,19.4158],[-154.88819,19.41625],[-154.88868,19.4168],[-154.88758,19.41733],[-154.88761,19.41812],[-154.88709,19.41783],[-154.88648,19.41966],[-154.88676,19.41991],[-154.88628,19.42014],[-154.88648,19.42197],[-154.88532,19.42334],[-154.88294,19.42483],[-154.8803,19.4251],[-154.87983,19.42563],[-154.87861,19.4254],[-154.87737,19.42703],[-154.87743,19.4282],[-154.87685,19.42828],[-154.87626,19.43022],[-154.87533,19.43116],[-154.87388,19.43166],[-154.87337,19.43252],[-154.87247,19.43227],[-154.87131,19.43304],[-154.87086,19.43255],[-154.87069,19.43308],[-154.8657,19.43529],[-154.86311,19.43867],[-154.85945,19.44069],[-154.85583,19.44392],[-154.85475,19.44551],[-154.84818,19.44999],[-154.84512,19.45463],[-154.84378,19.45503],[-154.84425,19.45625],[-154.84336,19.45774],[-154.8417,19.4572],[-154.84019,19.45876],[-154.83587,19.46075],[-154.83581,19.46188],[-154.83476,19.46284],[-154.8321,19.46814],[-154.83106,19.46851],[-154.83085,19.46977],[-154.82952,19.47003],[-154.82922,19.47066],[-154.82838,19.47032],[-154.82738,19.47058],[-154.8249,19.47353],[-154.82258,19.47513],[-154.82179,19.47686],[-154.82109,19.47713],[-154.82039,19.47831],[-154.81942,19.4814],[-154.8193,19.48634],[-154.81776,19.48768],[-154.81643,19.49076],[-154.81767,19.49273],[-154.81501,19.49541],[-154.81556,19.49641],[-154.81669,19.49576],[-154.81762,19.49622],[-154.81803,19.4962],[-154.81787,19.49581],[-154.81837,19.49598],[-154.81954,19.49758],[-154.81931,19.49852],[-154.82084,19.4995],[-154.81904,19.49918],[-154.81863,19.50043],[-154.81695,19.5016],[-154.8173,19.50185],[-154.81668,19.50151],[-154.81715,19.50238],[-154.81657,19.50223],[-154.81637,19.5013],[-154.81545,19.50129],[-154.81542,19.50079],[-154.81472,19.50049],[-154.81411,19.50148],[-154.81251,19.50189],[-154.81184,19.503],[-154.81115,19.50764],[-154.8116,19.50968],[-154.81101,19.51216],[-154.8106,19.51282],[-154.80777,19.5141],[-154.80694,19.51545],[-154.80682,19.5198],[-154.80948,19.52244],[-154.81029,19.52555],[-154.81218,19.52772],[-154.81618,19.52977],[-154.81798,19.53152],[-154.82031,19.53222],[-154.82402,19.53471],[-154.83311,19.53515],[-154.83618,19.53621],[-154.83822,19.53778],[-154.83863,19.53869],[-154.84013,19.53932],[-154.84101,19.5403],[-154.84268,19.54059],[-154.84273,19.54116],[-154.84434,19.54208],[-154.84735,19.54257],[-154.84763,19.54344],[-154.84881,19.54412],[-154.84919,19.54545],[-154.84997,19.54558],[-154.85011,19.54647],[-154.85118,19.54601],[-154.85186,19.54639],[-154.85208,19.54579],[-154.8532,19.54637],[-154.85343,19.54598],[-154.85598,19.54664],[-154.85629,19.5463],[-154.85651,19.54702],[-154.85685,19.54659],[-154.85722,19.5471],[-154.8579,19.54667],[-154.85906,19.54678],[-154.86001,19.54799],[-154.86025,19.54764],[-154.86165,19.54821],[-154.8671,19.54839],[-154.86975,19.5514],[-154.87127,19.55222],[-154.87228,19.55375],[-154.87374,19.55408],[-154.8758,19.5554],[-154.87911,19.55554],[-154.87968,19.55593],[-154.88102,19.55564],[-154.88316,19.55648],[-154.88736,19.56],[-154.8876,19.56095],[-154.88816,19.56086],[-154.88906,19.56218],[-154.89117,19.56298],[-154.89597,19.56605],[-154.90382,19.56887],[-154.90449,19.56981],[-154.9049,19.56968],[-154.90598,19.57056],[-154.90921,19.57437],[-154.91178,19.579],[-154.91683,19.58088],[-154.91894,19.58094],[-154.92155,19.58284],[-154.92358,19.58696],[-154.92538,19.58899],[-154.92543,19.59023],[-154.92892,19.59195],[-154.92999,19.59313],[-154.92994,19.59369],[-154.93079,19.59373],[-154.93125,19.59432],[-154.93111,19.59529],[-154.93154,19.595],[-154.93176,19.59557],[-154.93545,19.59647],[-154.94319,19.60071],[-154.94494,19.6023],[-154.94741,19.60648],[-154.94767,19.60907],[-154.94841,19.61074],[-154.94785,19.61311],[-154.94493,19.61873],[-154.94522,19.62129],[-154.94688,19.62322],[-154.94859,19.62337],[-154.94929,19.62419],[-154.9515,19.62396],[-154.95256,19.62453],[-154.95432,19.6245],[-154.95712,19.62295],[-154.95971,19.62331],[-154.96314,19.62711],[-154.96529,19.62838],[-154.96709,19.62882],[-154.96723,19.62923],[-154.96841,19.62886],[-154.96865,19.62953],[-154.9696,19.62953],[-154.97122,19.63053],[-154.97162,19.63017],[-154.97204,19.63114],[-154.97301,19.63137],[-154.9733,19.63211],[-154.97511,19.63251],[-154.97645,19.63357],[-154.97688,19.63451],[-154.97947,19.63629],[-154.97934,19.63665],[-154.98119,19.63883],[-154.98116,19.64195],[-154.98281,19.64375],[-154.9827,19.64441],[-154.98121,19.6448],[-154.98165,19.64546],[-154.98185,19.64848],[-154.97998,19.64971],[-154.979,19.65304],[-154.98123,19.65627],[-154.98246,19.65706],[-154.98296,19.65823],[-154.98212,19.66328],[-154.98255,19.66693],[-154.98183,19.66902],[-154.98318,19.67234],[-154.9806,19.67618],[-154.97976,19.67845],[-154.9802,19.67853],[-154.97957,19.67965],[-154.97992,19.68096],[-154.97904,19.68254],[-154.9793,19.6829],[-154.97861,19.6845],[-154.97891,19.68527],[-154.97828,19.6876],[-154.98043,19.6923],[-154.98089,19.69264],[-154.98167,19.6922],[-154.98213,19.69283],[-154.98146,19.69324],[-154.98219,19.6945],[-154.98166,19.69483],[-154.98178,19.69563],[-154.98241,19.69597],[-154.98211,19.6973],[-154.98274,19.699],[-154.98217,19.69986],[-154.983,19.69958],[-154.98272,19.70037],[-154.98328,19.70118],[-154.98382,19.70118],[-154.98363,19.70167],[-154.9842,19.70251],[-154.98377,19.7029],[-154.98425,19.70287],[-154.98393,19.70388],[-154.9844,19.70386],[-154.98406,19.70405],[-154.98448,19.70558],[-154.98552,19.70703],[-154.98611,19.70687],[-154.98598,19.70776],[-154.98681,19.70766],[-154.98774,19.70915],[-154.9877,19.71008],[-154.98824,19.71012],[-154.98858,19.712],[-154.98894,19.71193],[-154.98963,19.71312],[-154.98983,19.71457],[-154.99044,19.71522],[-154.99021,19.71563],[-154.99065,19.71571],[-154.99016,19.71596],[-154.99075,19.71602]]]}},{"id":"2","type":"Feature","properties":{"objectid":3,"county":"HAWAII","state_senate":"S03","senate_name":"State Senate District 3","senate_id":3,"senate_abbr":"3RD SEN. DIST.","st_areashape":4131183522.1271415,"st_perimetershape":462675.9719971987,"GEOID":"15003","geoid":"15003","name":"State Senate District 3 (2024); Hawaii","below_poverty":6996,"total_population":52036,"median_income":80199,"bachelors_plus":7616,"pop_25_plus":38665,"renter_occupied":4956,"total_housing_units":18521,"b25070_007e":361,"b25070_008e":177,"b25070_009e":393,"b25070_010e":886,"b25070_001e":4956,"median_rent":1709,"b25077_001e":618800,"b08303_001e":18603,"b08303_008e":2451,"b08303_009e":698,"b08303_010e":548,"b08303_011e":1465,"b08303_012e":1622,"b08303_013e":873,"public_transit_workers":78,"b23025_003e":23913,"b23025_005e":1323,"state":15,"sldust":3,"NAME":"State Senate District 3 (2024); Hawaii","poverty_rate":13.44,"bachelors_rate":19.7,"college_educated_pct":19.7,"renter_rate":26.76,"rent_burden_households":1817,"rent_burden_rate":36.66,"severe_rent_burden_rate":17.88,"median_home_value":618800,"unemployment_rate":5.53,"public_transportation_pct":0.42,"travel_time_to_work_minutes":53.18,"high_school_or_higher_pct":91.46,"white_pct":61.66,"black_pct":2.07,"asian_pct":35.67,"nhpi_pct":28.84,"hispanic_pct":11.36,"vacancy_rate":25.44,"total_households":18521,"snap_households":2299,"NAME_tax":"State Senate District 03; Hawaii; Hawaii","state_tax":15,"district_x":3,"total_returns":34348.042544273296,"eitc_returns":5146.223409829195,"eitc_participation_rate":14.98258133107851,"federal_eitc_avg_amount":2299.3429702582403,"federal_eitc_total_amount":11832932.62076915,"state_eitc_avg_amount":919.737188103296,"state_eitc_total_amount":4733173.04830766,"ctc_returns":3716.513674944986,"ctc_participation_rate":10.82016149873619,"ctc_avg_amount":1048.0452221506994,"ctc_total_amount":3895074.400083831,"total_population_tax":277508,"district_y":3,"alice_rate":52.0,"snap_household_rate":20.330000000000002,"snap_benefit_annual_per_household":8766.98,"snap_benefits_annual_total":33007203.43,"total_schools":18,"cep_schools":9,"cep_percentage":50.0,"cep_display":"9/18 CEP schools","geoid_str":"15003"},"geometry":{"type":"Polygon","coordinates":[[[-155.91944,19.70774],[-155.92086,19.70849],[-155.92399,19.70759],[-155.92341,19.70665],[-155.92359,19.70596],[-155.92733,19.70504],[-155.92847,19.70533],[-155.93075,19.70444],[-155.9326,19.70209],[-155.934,19.70192],[-155.93843,19.69813],[-155.93991,19.69788],[-155.94161,19.69544],[-155.94582,19.69219],[-155.95116,19.69053],[-155.95404,19.69087],[-155.95692,19.6904],[-155.95853,19.69087],[-155.96067,19.68896],[-155.96432,19.68868],[-155.96788,19.68724],[-155.9696,19.68825],[-155.97092,19.68774],[-155.97193,19.68794],[-155.9747,19.68677],[-155.9751,19.68819],[-155.97556,19.68823],[-155.97603,19.69072],[-155.97873,19.69091],[-155.98765,19.69733],[-155.99182,19.69839],[-155.99435,19.69807],[-155.99691,19.69693],[-156.0034,19.69027],[-156.0059,19.68907],[-156.00881,19.68933],[-156.0135,19.6922],[-156.01653,19.69273],[-156.01915,19.69216],[-156.0229,19.69037],[-156.02433,19.69284],[-156.03812,19.68954],[-156.03601,19.68667],[-156.03495,19.68361],[-156.03359,19.68239],[-156.0324,19.68016],[-156.03074,19.67936],[-156.02972,19.67777],[-156.02918,19.67793],[-156.02685,19.6762],[-156.02592,19.67159],[-156.02676,19.67161],[-156.02637,19.67105],[-156.0267,19.67076],[-156.02744,19.67132],[-156.0279,19.66995],[-156.02723,19.66973],[-156.02631,19.67019],[-156.02588,19.66933],[-156.02343,19.66977],[-156.021,19.66936],[-156.02146,19.66844],[-156.02455,19.66842],[-156.02469,19.66914],[-156.02552,19.66904],[-156.02547,19.66834],[-156.02642,19.66821],[-156.02662,19.66933],[-156.02709,19.66908],[-156.02766,19.66726],[-156.02834,19.66749],[-156.03,19.66683],[-156.03106,19.66538],[-156.03091,19.66142],[-156.03165,19.65965],[-156.03132,19.65894],[-156.03242,19.65813],[-156.03271,19.65729],[-156.03229,19.65643],[-156.03301,19.65614],[-156.03146,19.65566],[-156.03123,19.6548],[-156.0317,19.65452],[-156.03091,19.65417],[-156.03132,19.65289],[-156.03013,19.6508],[-156.02886,19.64965],[-156.02891,19.6492],[-156.0279,19.64876],[-156.02798,19.64818],[-156.02593,19.64709],[-156.02447,19.64711],[-156.02135,19.64831],[-156.01803,19.64714],[-156.01681,19.64758],[-156.01608,19.64729],[-156.01428,19.64511],[-156.00973,19.64293],[-156.00924,19.64217],[-156.00587,19.64019],[-156.00515,19.63882],[-156.00461,19.63912],[-156.00342,19.63808],[-156.00176,19.63784],[-156.00129,19.63703],[-155.99779,19.63789],[-155.99711,19.63891],[-155.9976,19.63892],[-155.99757,19.63948],[-155.99684,19.63908],[-155.99672,19.63843],[-155.99685,19.64004],[-155.99481,19.6397],[-155.99381,19.63683],[-155.99036,19.63491],[-155.99012,19.63312],[-155.99064,19.63298],[-155.99122,19.63172],[-155.98818,19.62842],[-155.98821,19.62649],[-155.98736,19.62479],[-155.98583,19.62386],[-155.98713,19.62089],[-155.98714,19.62019],[-155.98639,19.61925],[-155.98632,19.61723],[-155.98391,19.61465],[-155.98273,19.61423],[-155.98243,19.61172],[-155.98101,19.6116],[-155.97457,19.60381],[-155.97455,19.60274],[-155.97637,19.60175],[-155.9764,19.59969],[-155.97434,19.59855],[-155.97345,19.59627],[-155.97175,19.59454],[-155.97118,19.59242],[-155.97223,19.59105],[-155.97167,19.59067],[-155.97193,19.58794],[-155.97063,19.58565],[-155.96882,19.58427],[-155.96648,19.58049],[-155.96705,19.57927],[-155.96888,19.57786],[-155.96825,19.57725],[-155.96844,19.57517],[-155.9675,19.57432],[-155.96778,19.57251],[-155.96726,19.57136],[-155.96824,19.56814],[-155.96661,19.56429],[-155.96592,19.564],[-155.9652,19.56447],[-155.96453,19.56408],[-155.9651,19.56253],[-155.96357,19.56217],[-155.96253,19.56254],[-155.96206,19.562],[-155.96362,19.56057],[-155.96611,19.5597],[-155.9665,19.55873],[-155.96604,19.55682],[-155.96688,19.55326],[-155.96564,19.55159],[-155.96236,19.55148],[-155.96123,19.54985],[-155.96041,19.54963],[-155.96036,19.54902],[-155.95925,19.54821],[-155.96079,19.54676],[-155.95917,19.54569],[-155.95791,19.54369],[-155.95783,19.54298],[-155.95861,19.54198],[-155.95836,19.54169],[-155.95933,19.54087],[-155.95717,19.53728],[-155.95743,19.53527],[-155.95572,19.53226],[-155.9562,19.53191],[-155.9562,19.53027],[-155.95719,19.5296],[-155.95647,19.52874],[-155.95649,19.5269],[-155.95585,19.52506],[-155.95632,19.52337],[-155.95737,19.52171],[-155.95869,19.52115],[-155.96043,19.51953],[-155.96026,19.51732],[-155.95954,19.51625],[-155.95971,19.51402],[-155.95919,19.51338],[-155.95649,19.51239],[-155.95539,19.511],[-155.95556,19.51063],[-155.95446,19.51041],[-155.95446,19.50919],[-155.95324,19.50847],[-155.9529,19.50757],[-155.95098,19.50685],[-155.95133,19.50475],[-155.95216,19.50414],[-155.95191,19.50355],[-155.95113,19.50376],[-155.9513,19.50255],[-155.95039,19.50168],[-155.95052,19.49928],[-155.94979,19.49798],[-155.95013,19.4976],[-155.94899,19.49731],[-155.94912,19.49688],[-155.94794,19.49607],[-155.94878,19.49443],[-155.94849,19.49291],[-155.94994,19.49093],[-155.95073,19.48705],[-155.95031,19.48597],[-155.94922,19.48539],[-155.94875,19.4838],[-155.94657,19.48375],[-155.94653,19.48316],[-155.94246,19.48395],[-155.94261,19.48359],[-155.94088,19.48302],[-155.94114,19.4827],[-155.94057,19.48301],[-155.94069,19.48238],[-155.9401,19.48214],[-155.94045,19.48184],[-155.93685,19.47878],[-155.93386,19.47868],[-155.93354,19.47945],[-155.93392,19.48012],[-155.93302,19.48194],[-155.93333,19.48226],[-155.93279,19.48271],[-155.93192,19.48215],[-155.9311,19.48256],[-155.92748,19.48174],[-155.92153,19.47862],[-155.91985,19.4766],[-155.91985,19.47421],[-155.9187,19.47228],[-155.92089,19.47103],[-155.92118,19.47156],[-155.92237,19.4712],[-155.92278,19.47006],[-155.92116,19.46937],[-155.92223,19.46834],[-155.92159,19.46789],[-155.92275,19.46601],[-155.9224,19.46518],[-155.92451,19.46304],[-155.9256,19.46021],[-155.92707,19.45964],[-155.92775,19.46003],[-155.92727,19.45953],[-155.928,19.45956],[-155.92829,19.45903],[-155.9263,19.45739],[-155.92559,19.45733],[-155.92565,19.45767],[-155.92435,19.45724],[-155.92194,19.45334],[-155.92142,19.45065],[-155.92263,19.44867],[-155.92196,19.44782],[-155.92233,19.44753],[-155.92104,19.44671],[-155.92046,19.44487],[-155.92046,19.4441],[-155.92095,19.44397],[-155.92022,19.4425],[-155.92084,19.44156],[-155.92078,19.43915],[-155.92159,19.43824],[-155.92125,19.43783],[-155.92179,19.43664],[-155.92064,19.43415],[-155.92072,19.43214],[-155.92002,19.43138],[-155.91918,19.42779],[-155.91803,19.42742],[-155.91735,19.42658],[-155.91744,19.42602],[-155.91695,19.42603],[-155.91716,19.42572],[-155.91436,19.41978],[-155.91268,19.41902],[-155.91274,19.41767],[-155.90998,19.41588],[-155.90942,19.41618],[-155.90797,19.41491],[-155.90737,19.41534],[-155.90685,19.41504],[-155.90584,19.41259],[-155.90645,19.41236],[-155.90582,19.41152],[-155.90516,19.41144],[-155.9049,19.41016],[-155.90536,19.40996],[-155.9054,19.40873],[-155.90659,19.40773],[-155.90648,19.4057],[-155.90714,19.40417],[-155.90846,19.40336],[-155.90873,19.4021],[-155.90999,19.40099],[-155.91105,19.39889],[-155.91117,19.39804],[-155.91066,19.39776],[-155.91054,19.39684],[-155.91091,19.39666],[-155.90955,19.39515],[-155.90919,19.39367],[-155.90795,19.39243],[-155.90748,19.39101],[-155.90201,19.38646],[-155.90132,19.38386],[-155.90142,19.3816],[-155.90048,19.38008],[-155.89716,19.37909],[-155.89551,19.37649],[-155.8955,19.37546],[-155.89687,19.37361],[-155.89615,19.37184],[-155.89706,19.37152],[-155.89731,19.3702],[-155.89503,19.369],[-155.89345,19.36506],[-155.89203,19.36368],[-155.89223,19.36209],[-155.89137,19.36199],[-155.89055,19.35943],[-155.89122,19.35847],[-155.891,19.35738],[-155.89029,19.3569],[-155.89083,19.35629],[-155.88898,19.35377],[-155.8897,19.35255],[-155.88913,19.35245],[-155.8892,19.35083],[-155.88736,19.34859],[-155.88739,19.34761],[-155.88581,19.34475],[-155.88626,19.34288],[-155.88592,19.34235],[-155.88609,19.34044],[-155.88534,19.33966],[-155.8848,19.33465],[-155.88407,19.33285],[-155.88565,19.33098],[-155.88514,19.32961],[-155.88568,19.3276],[-155.88814,19.32551],[-155.88901,19.32563],[-155.88883,19.32523],[-155.88958,19.32491],[-155.88916,19.32434],[-155.89009,19.32419],[-155.88983,19.32249],[-155.89054,19.32144],[-155.89037,19.32033],[-155.89089,19.31954],[-155.89068,19.31855],[-155.88961,19.31737],[-155.88906,19.31448],[-155.88745,19.31313],[-155.88758,19.31262],[-155.88834,19.31237],[-155.88707,19.31021],[-155.88785,19.30813],[-155.88839,19.30808],[-155.88785,19.30714],[-155.88807,19.30521],[-155.88775,19.30483],[-155.88805,19.30431],[-155.88862,19.30447],[-155.88869,19.30323],[-155.8893,19.30283],[-155.88982,19.29966],[-155.88889,19.29919],[-155.8881,19.2959],[-155.88855,19.29365],[-155.88947,19.2934],[-155.88959,19.29063],[-155.88872,19.28865],[-155.89126,19.28501],[-155.89164,19.28117],[-155.89132,19.28073],[-155.89205,19.28029],[-155.89243,19.27931],[-155.89161,19.27879],[-155.89135,19.27797],[-155.89162,19.27534],[-155.89246,19.27395],[-155.89228,19.27183],[-155.89325,19.27153],[-155.89296,19.2713],[-155.89355,19.26855],[-155.89541,19.26499],[-155.89614,19.2619],[-155.8982,19.25849],[-155.89852,19.25857],[-155.89904,19.25688],[-155.89959,19.25667],[-155.89893,19.25607],[-155.89985,19.25557],[-155.89937,19.25551],[-155.89983,19.25533],[-155.89945,19.25511],[-155.89923,19.25339],[-155.89991,19.25288],[-155.89951,19.25081],[-155.90009,19.24869],[-155.90081,19.24812],[-155.8994,19.24479],[-155.8996,19.24409],[-155.89746,19.24104],[-155.89731,19.23993],[-155.90011,19.23512],[-155.90109,19.23038],[-155.90266,19.22619],[-155.90201,19.22559],[-155.90228,19.22394],[-155.90183,19.22061],[-155.9005,19.21822],[-155.90131,19.21725],[-155.90062,19.2168],[-155.90123,19.21661],[-155.90127,19.21519],[-155.90017,19.21493],[-155.90009,19.21361],[-155.89875,19.2122],[-155.89863,19.21148],[-155.8988,19.21081],[-155.8994,19.21065],[-155.89933,19.20962],[-155.90083,19.20897],[-155.90096,19.20835],[-155.90169,19.20843],[-155.90285,19.20595],[-155.90322,19.20602],[-155.90537,19.20364],[-155.9052,19.20328],[-155.90599,19.20314],[-155.90651,19.20239],[-155.90599,19.20209],[-155.90593,19.2002],[-155.90628,19.20008],[-155.90538,19.19891],[-155.9058,19.19839],[-155.90542,19.19728],[-155.90607,19.19609],[-155.90694,19.19576],[-155.90567,19.19365],[-155.90633,19.19287],[-155.90601,19.19179],[-155.90755,19.19062],[-155.90658,19.18975],[-155.90725,19.18947],[-155.90706,19.1887],[-155.90776,19.18847],[-155.9079,19.18772],[-155.90749,19.18745],[-155.90856,19.187],[-155.90781,19.18657],[-155.90827,19.18596],[-155.90804,19.18556],[-155.90841,19.18553],[-155.90817,19.18203],[-155.90865,19.18132],[-155.90807,19.18102],[-155.90882,19.18051],[-155.90793,19.18004],[-155.90856,19.17772],[-155.9079,19.17445],[-155.90945,19.17382],[-155.90856,19.16838],[-155.90952,19.16784],[-155.9101,19.16813],[-155.90998,19.16749],[-155.9117,19.16643],[-155.91262,19.16464],[-155.91321,19.16139],[-155.91422,19.15967],[-155.91533,19.15914],[-155.91532,19.15852],[-155.9158,19.15859],[-155.91518,19.15745],[-155.91609,19.15527],[-155.91553,19.15511],[-155.91648,19.15457],[-155.91504,19.15366],[-155.91525,19.15324],[-155.91469,19.15308],[-155.91481,19.15238],[-155.91118,19.14606],[-155.91162,19.14573],[-155.91109,19.14374],[-155.91134,19.14203],[-155.91246,19.14092],[-155.91403,19.14045],[-155.91379,19.14006],[-155.9149,19.13932],[-155.91463,19.13868],[-155.9157,19.13618],[-155.91821,19.13449],[-155.91829,19.13375],[-155.91742,19.13256],[-155.91761,19.13186],[-155.91698,19.13152],[-155.91727,19.12829],[-155.91652,19.12803],[-155.91818,19.12452],[-155.91799,19.12021],[-155.91878,19.11904],[-155.91799,19.11578],[-155.91831,19.11455],[-155.91679,19.11251],[-155.91701,19.11103],[-155.91605,19.10986],[-155.91623,19.1091],[-155.91551,19.10808],[-155.91537,19.10511],[-155.91394,19.10303],[-155.91331,19.10001],[-155.91267,19.09992],[-155.91173,19.09853],[-155.91056,19.09527],[-155.91086,19.09443],[-155.90992,19.09286],[-155.91004,19.09083],[-155.90943,19.08983],[-155.90932,19.08807],[-155.90861,19.08751],[-155.90853,19.0858],[-155.90741,19.08447],[-155.90795,19.08318],[-155.90699,19.08169],[-155.90692,19.07988],[-155.90612,19.07841],[-155.90478,19.07793],[-155.90038,19.07321],[-155.89979,19.07306],[-155.89997,19.07246],[-155.89913,19.07241],[-155.89758,19.07085],[-155.89566,19.0701],[-155.89371,19.06655],[-155.89228,19.06565],[-155.89228,19.0645],[-155.8918,19.06404],[-155.89219,19.06355],[-155.89129,19.06269],[-155.89112,19.06137],[-155.8897,19.06009],[-155.88971,19.05899],[-155.88577,19.05573],[-155.88589,19.05485],[-155.88498,19.05328],[-155.8836,19.05273],[-155.88238,19.04953],[-155.88228,19.04756],[-155.88171,19.0474],[-155.88112,19.04623],[-155.88165,19.04582],[-155.88139,19.04258],[-155.88188,19.04098],[-155.88134,19.03997],[-155.88176,19.03891],[-155.88106,19.03671],[-155.88138,19.03638],[-155.8812,19.03592],[-155.88017,19.03582],[-155.87902,19.03385],[-155.87422,19.03356],[-155.87082,19.03108],[-155.86978,19.03076],[-155.86914,19.03118],[-155.86822,19.03023],[-155.86299,19.02785],[-155.8609,19.02455],[-155.85793,19.02374],[-155.85684,19.02274],[-155.8555,19.02351],[-155.85245,19.02215],[-155.85027,19.01935],[-155.84981,19.01977],[-155.84781,19.01931],[-155.847,19.01989],[-155.84477,19.01926],[-155.84401,19.01941],[-155.84344,19.02051],[-155.84243,19.02066],[-155.84125,19.01941],[-155.83851,19.01926],[-155.83789,19.01821],[-155.83637,19.0173],[-155.83525,19.01786],[-155.83505,19.01862],[-155.83314,19.01818],[-155.83163,19.01894],[-155.82707,19.016],[-155.82205,19.01529],[-155.81958,19.01343],[-155.8186,19.0136],[-155.817,19.01214],[-155.81526,19.01253],[-155.81441,19.01194],[-155.81274,19.0128],[-155.81226,19.01218],[-155.81122,19.01223],[-155.8096,19.01082],[-155.80719,19.01021],[-155.80606,19.01122],[-155.80335,19.011],[-155.79538,19.00497],[-155.79516,19.00431],[-155.79347,19.00406],[-155.79386,19.00258],[-155.79265,19.00256],[-155.79063,18.99981],[-155.78521,18.99777],[-155.78487,18.99719],[-155.78258,18.99625],[-155.78127,18.9941],[-155.78082,18.9943],[-155.77905,18.99253],[-155.77812,18.99229],[-155.77756,18.9908],[-155.77445,18.98994],[-155.77337,18.98831],[-155.7726,18.98862],[-155.76897,18.9858],[-155.76818,18.98594],[-155.7658,18.98404],[-155.7628,18.98306],[-155.76238,18.98188],[-155.7611,18.98093],[-155.76103,18.97885],[-155.75994,18.97758],[-155.75796,18.97687],[-155.75613,18.97687],[-155.75564,18.97642],[-155.75488,18.97663],[-155.75381,18.9753],[-155.75182,18.9748],[-155.75038,18.97366],[-155.74922,18.97372],[-155.74528,18.97198],[-155.7446,18.97211],[-155.74454,18.97166],[-155.74119,18.97],[-155.73894,18.97083],[-155.73639,18.96964],[-155.73463,18.97047],[-155.7326,18.96961],[-155.73241,18.97003],[-155.73125,18.96963],[-155.73053,18.969],[-155.72995,18.96916],[-155.72929,18.96843],[-155.72954,18.96764],[-155.72887,18.9676],[-155.72875,18.96697],[-155.72716,18.96713],[-155.7272,18.96654],[-155.72681,18.96707],[-155.72678,18.9666],[-155.72533,18.96642],[-155.72526,18.96601],[-155.72486,18.96665],[-155.72336,18.9665],[-155.72153,18.96493],[-155.72193,18.96394],[-155.72093,18.96406],[-155.71957,18.9628],[-155.71923,18.96103],[-155.71762,18.96112],[-155.71368,18.9596],[-155.71373,18.95909],[-155.71276,18.95901],[-155.71215,18.95795],[-155.70654,18.95365],[-155.70591,18.95047],[-155.70318,18.94795],[-155.7005,18.94686],[-155.69911,18.94727],[-155.69722,18.94673],[-155.69658,18.94585],[-155.69548,18.9455],[-155.69527,18.94399],[-155.69299,18.94299],[-155.69184,18.9416],[-155.68728,18.9387],[-155.68434,18.9334],[-155.68273,18.92824],[-155.68292,18.92355],[-155.68378,18.92213],[-155.68457,18.91861],[-155.68331,18.91677],[-155.68288,18.91348],[-155.68226,18.91235],[-155.68265,18.91192],[-155.68191,18.91107],[-155.6808,18.9107],[-155.67945,18.91135],[-155.67785,18.91082],[-155.67665,18.91234],[-155.67573,18.91186],[-155.67311,18.91232],[-155.67257,18.91368],[-155.66911,18.91617],[-155.66908,18.91683],[-155.66862,18.91688],[-155.66821,18.91566],[-155.66767,18.91698],[-155.66658,18.91648],[-155.66637,18.9169],[-155.66447,18.91671],[-155.66376,18.91744],[-155.66372,18.91825],[-155.66416,18.91856],[-155.66338,18.9201],[-155.66224,18.92042],[-155.66169,18.91971],[-155.66032,18.92013],[-155.65999,18.92091],[-155.65877,18.92112],[-155.65821,18.92075],[-155.65698,18.921],[-155.65649,18.92173],[-155.65563,18.92174],[-155.65558,18.92243],[-155.65509,18.92228],[-155.65449,18.92298],[-155.65428,18.9249],[-155.65122,18.92576],[-155.65066,18.92697],[-155.6496,18.92728],[-155.64987,18.92756],[-155.64914,18.92817],[-155.64927,18.92893],[-155.64791,18.92941],[-155.64706,18.93095],[-155.64717,18.93201],[-155.64593,18.93311],[-155.64587,18.93429],[-155.64658,18.93508],[-155.64662,18.93596],[-155.64597,18.9362],[-155.64534,18.93558],[-155.64554,18.936],[-155.64517,18.93618],[-155.64308,18.93491],[-155.64186,18.93512],[-155.64089,18.93616],[-155.63811,18.93625],[-155.63562,18.93852],[-155.63501,18.93973],[-155.63339,18.94078],[-155.63345,18.94182],[-155.63222,18.94292],[-155.63187,18.94592],[-155.63095,18.9465],[-155.63071,18.94724],[-155.62988,18.94693],[-155.6298,18.94754],[-155.62735,18.94816],[-155.62771,18.94891],[-155.62676,18.95072],[-155.62712,18.95127],[-155.62607,18.95156],[-155.62635,18.95287],[-155.62531,18.95332],[-155.62514,18.9551],[-155.62408,18.95537],[-155.62223,18.95712],[-155.62295,18.95977],[-155.62283,18.96215],[-155.62215,18.96223],[-155.62132,18.9637],[-155.62088,18.96371],[-155.62106,18.96619],[-155.62072,18.96664],[-155.62021,18.96647],[-155.62004,18.96836],[-155.61835,18.96977],[-155.61738,18.97013],[-155.61644,18.9686],[-155.61499,18.96853],[-155.6138,18.96956],[-155.61332,18.97074],[-155.61428,18.97228],[-155.61293,18.97222],[-155.61229,18.97264],[-155.61274,18.97114],[-155.61194,18.96911],[-155.61216,18.96874],[-155.61107,18.96848],[-155.6112,18.96733],[-155.61065,18.96705],[-155.61037,18.96603],[-155.60926,18.96603],[-155.60602,18.96895],[-155.6033,18.96801],[-155.60164,18.96806],[-155.60083,18.96877],[-155.60011,18.96755],[-155.60006,18.9681],[-155.59919,18.9684],[-155.59899,18.96917],[-155.59969,18.96936],[-155.59941,18.96998],[-155.59858,18.97014],[-155.59907,18.9718],[-155.59871,18.97286],[-155.59908,18.97317],[-155.59861,18.97444],[-155.59789,18.97414],[-155.59787,18.97534],[-155.59703,18.97572],[-155.59563,18.97507],[-155.59379,18.97738],[-155.59336,18.9803],[-155.59414,18.98116],[-155.59356,18.98137],[-155.59373,18.98369],[-155.59311,18.98458],[-155.59395,18.98822],[-155.59357,18.98857],[-155.5939,18.98992],[-155.5934,18.99035],[-155.59414,18.99258],[-155.59364,18.99304],[-155.59379,18.99517],[-155.59339,18.99492],[-155.59329,18.99587],[-155.59144,18.99723],[-155.59057,18.9989],[-155.58794,19.00065],[-155.58676,19.0029],[-155.58421,19.00475],[-155.5844,19.00582],[-155.58337,19.00686],[-155.58339,19.00832],[-155.582,19.01162],[-155.58159,19.0142],[-155.57977,19.01733],[-155.57987,19.01871],[-155.57762,19.02005],[-155.57663,19.02221],[-155.57417,19.02354],[-155.57348,19.02468],[-155.56766,19.02663],[-155.56375,19.02956],[-155.56135,19.03261],[-155.55399,19.04506],[-155.55381,19.04669],[-155.55322,19.0475],[-155.55376,19.04976],[-155.55269,19.05135],[-155.55175,19.0518],[-155.5523,19.05307],[-155.55223,19.05492],[-155.55364,19.05729],[-155.55257,19.05924],[-155.55374,19.0613],[-155.55278,19.06328],[-155.55322,19.06395],[-155.55276,19.06505],[-155.55329,19.06589],[-155.55264,19.06691],[-155.55365,19.06774],[-155.55412,19.06893],[-155.55329,19.06946],[-155.5541,19.07121],[-155.55313,19.07179],[-155.55381,19.07436],[-155.55336,19.07579],[-155.55478,19.0762],[-155.55527,19.07726],[-155.55527,19.07926],[-155.55315,19.08043],[-155.55281,19.08142],[-155.55159,19.08218],[-155.5519,19.08349],[-155.55127,19.08426],[-155.55041,19.08395],[-155.55055,19.08427],[-155.54906,19.08541],[-155.5499,19.08495],[-155.55012,19.08536],[-155.54813,19.08629],[-155.54728,19.08619],[-155.54671,19.08553],[-155.54724,19.08487],[-155.54693,19.0847],[-155.54627,19.08547],[-155.5444,19.08532],[-155.54288,19.08581],[-155.54228,19.08868],[-155.54169,19.08931],[-155.54176,19.09045],[-155.54117,19.09065],[-155.54091,19.09152],[-155.54042,19.09134],[-155.53978,19.09203],[-155.53941,19.09269],[-155.53984,19.0929],[-155.53917,19.09289],[-155.53902,19.09363],[-155.53751,19.09441],[-155.53761,19.09514],[-155.53682,19.09565],[-155.5359,19.09837],[-155.53464,19.09893],[-155.53436,19.09963],[-155.53482,19.10099],[-155.5341,19.10133],[-155.53452,19.1017],[-155.5338,19.10183],[-155.53352,19.10287],[-155.53255,19.10271],[-155.53136,19.10523],[-155.52974,19.10525],[-155.52713,19.10972],[-155.52625,19.11095],[-155.52577,19.11087],[-155.5257,19.11169],[-155.52251,19.11342],[-155.5209,19.11303],[-155.51863,19.11406],[-155.51708,19.11386],[-155.51732,19.11454],[-155.5166,19.11517],[-155.51677,19.11571],[-155.51598,19.11566],[-155.51593,19.11644],[-155.51543,19.11646],[-155.51563,19.11685],[-155.51514,19.1171],[-155.5156,19.11742],[-155.51537,19.11836],[-155.51369,19.1191],[-155.51302,19.11878],[-155.51292,19.11958],[-155.51234,19.1191],[-155.5116,19.11955],[-155.51212,19.12067],[-155.51042,19.12095],[-155.51039,19.12059],[-155.50967,19.12163],[-155.51012,19.12285],[-155.51073,19.12295],[-155.50964,19.12311],[-155.51034,19.12369],[-155.5093,19.12365],[-155.51003,19.12431],[-155.50949,19.12439],[-155.50979,19.12503],[-155.50944,19.12515],[-155.51099,19.12803],[-155.50915,19.12958],[-155.50925,19.1302],[-155.50854,19.13018],[-155.5074,19.13139],[-155.50503,19.13194],[-155.50523,19.13231],[-155.50138,19.13472],[-155.50132,19.13522],[-155.50111,19.13471],[-155.50074,19.13514],[-155.50057,19.13449],[-155.50039,19.13486],[-155.5001,19.13457],[-155.49709,19.13546],[-155.49666,19.13585],[-155.49677,19.13664],[-155.49582,19.13689],[-155.49617,19.13803],[-155.49538,19.13752],[-155.49533,19.1384],[-155.49492,19.13846],[-155.49518,19.13876],[-155.49205,19.1378],[-155.49112,19.13801],[-155.49051,19.13724],[-155.48548,19.13771],[-155.48354,19.13839],[-155.48259,19.13945],[-155.4792,19.1403],[-155.4769,19.14201],[-155.47124,19.14432],[-155.46569,19.1448],[-155.46526,19.14404],[-155.46266,19.1439],[-155.44988,19.149],[-155.45035,19.14913],[-155.45027,19.14983],[-155.44948,19.14978],[-155.44825,19.15183],[-155.44632,19.15192],[-155.44594,19.15238],[-155.44417,19.15676],[-155.44291,19.15812],[-155.43619,19.16228],[-155.43536,19.16337],[-155.43407,19.16382],[-155.43305,19.1647],[-155.43222,19.16637],[-155.43032,19.16693],[-155.42775,19.1699],[-155.42595,19.1743],[-155.42418,19.17649],[-155.41768,19.18056],[-155.41661,19.18151],[-155.41652,19.18226],[-155.41462,19.18483],[-155.4121,19.18453],[-155.4067,19.18739],[-155.40232,19.18709],[-155.39958,19.18803],[-155.39795,19.18988],[-155.39724,19.18991],[-155.39518,19.19247],[-155.39518,19.19325],[-155.39423,19.19458],[-155.39185,19.19558],[-155.38947,19.19744],[-155.38466,19.19894],[-155.38047,19.1985],[-155.38048,19.19888],[-155.37929,19.199],[-155.37899,19.19863],[-155.37795,19.1993],[-155.37444,19.19971],[-155.37301,19.20074],[-155.37145,19.20049],[-155.36704,19.20261],[-155.35829,19.20568],[-155.35764,19.2061],[-155.35739,19.20705],[-155.35477,19.20843],[-155.3522,19.21123],[-155.35051,19.21226],[-155.34878,19.21232],[-155.34867,19.21314],[-155.34653,19.21483],[-155.34628,19.21718],[-155.34396,19.21895],[-155.34291,19.22385],[-155.34245,19.22481],[-155.34128,19.22515],[-155.34099,19.22655],[-155.33858,19.22969],[-155.33889,19.23054],[-155.33852,19.23119],[-155.33588,19.23271],[-155.33573,19.23339],[-155.33418,19.23484],[-155.33153,19.23578],[-155.33159,19.23642],[-155.32591,19.23852],[-155.32411,19.23971],[-155.31938,19.24097],[-155.31635,19.24243],[-155.31321,19.24599],[-155.31143,19.24696],[-155.30927,19.24901],[-155.3057,19.25407],[-155.30205,19.2573],[-155.30133,19.25876],[-155.29994,19.25977],[-155.2986,19.26005],[-155.29387,19.26328],[-155.28938,19.26388],[-155.28749,19.26363],[-155.28623,19.26405],[-155.28565,19.26514],[-155.28461,19.26569],[-155.27922,19.26675],[-155.2764,19.26607],[-155.27617,19.26526],[-155.27294,19.26769],[-155.27101,19.26784],[-155.26973,19.26846],[-155.26792,19.26833],[-155.26703,19.26889],[-155.26626,19.26868],[-155.26554,19.26983],[-155.26498,19.26968],[-155.26307,19.271],[-155.2613,19.27135],[-155.26047,19.27117],[-155.25923,19.26944],[-155.25846,19.26919],[-155.25627,19.26973],[-155.25534,19.27058],[-155.24962,19.26779],[-155.24728,19.26774],[-155.24263,19.26877],[-155.23908,19.26696],[-155.23412,19.26647],[-155.23442,19.26538],[-155.23376,19.26499],[-155.23289,19.26521],[-155.233,19.26262],[-155.23177,19.26285],[-155.22848,19.26206],[-155.22557,19.26039],[-155.22401,19.26018],[-155.22243,19.26092],[-155.21983,19.26017],[-155.21903,19.25918],[-155.21627,19.25968],[-155.21481,19.25851],[-155.2126,19.25846],[-155.21031,19.25725],[-155.20656,19.25627],[-155.20583,19.25731],[-155.20452,19.25779],[-155.19901,19.25765],[-155.19696,19.25848],[-155.19429,19.25843],[-155.19358,19.25808],[-155.19259,19.25592],[-155.19164,19.25634],[-155.1903,19.25809],[-155.18991,19.25987],[-155.18901,19.26105],[-155.18464,19.26334],[-155.1762,19.2644],[-155.17443,19.26414],[-155.17,19.26609],[-155.16636,19.26574],[-155.16401,19.265],[-155.15841,19.26591],[-155.1571,19.26529],[-155.15114,19.26748],[-155.14891,19.26956],[-155.14542,19.27078],[-155.14402,19.27269],[-155.1404,19.27422],[-155.13653,19.27388],[-155.13508,19.27318],[-155.13075,19.27338],[-155.12888,19.2748],[-155.12586,19.27574],[-155.12417,19.27705],[-155.12279,19.27742],[-155.12075,19.27928],[-155.11617,19.28208],[-155.1134,19.28528],[-155.11037,19.28733],[-155.10857,19.28794],[-155.10134,19.29315],[-155.09693,19.29542],[-155.09304,19.29616],[-155.09013,19.29764],[-155.0879,19.29792],[-155.08637,19.29962],[-155.08339,19.30152],[-155.07938,19.30615],[-155.07531,19.30797],[-155.07156,19.31158],[-155.06479,19.31087],[-155.06299,19.31127],[-155.06187,19.3121],[-155.0587,19.31217],[-155.05641,19.31284],[-155.05506,19.31261],[-155.05139,19.31343],[-155.04846,19.31436],[-155.04452,19.31812],[-155.03982,19.32088],[-155.03386,19.32197],[-155.02926,19.32381],[-155.02713,19.32404],[-155.02474,19.32481],[-155.02157,19.3269],[-155.01636,19.32833],[-155.02193,19.33612],[-155.02248,19.33593],[-155.02412,19.32984],[-155.02954,19.33132],[-155.03472,19.32806],[-155.04243,19.32479],[-155.04635,19.32218],[-155.04967,19.32144],[-155.05154,19.32166],[-155.05595,19.3241],[-155.05776,19.32425],[-155.06417,19.32224],[-155.07182,19.31802],[-155.07599,19.31472],[-155.07934,19.31055],[-155.09,19.29925],[-155.09326,19.29732],[-155.09995,19.29441],[-155.10652,19.28987],[-155.1126,19.28638],[-155.11652,19.28329],[-155.1193,19.28277],[-155.12064,19.28315],[-155.1325,19.29012],[-155.13731,19.29161],[-155.14136,19.29137],[-155.14778,19.29295],[-155.14871,19.29378],[-155.15027,19.29682],[-155.15361,19.29833],[-155.15488,19.30002],[-155.15482,19.30166],[-155.15405,19.30281],[-155.14795,19.30683],[-155.14637,19.30722],[-155.14299,19.30673],[-155.13989,19.30865],[-155.13658,19.30934],[-155.13293,19.31169],[-155.1288,19.31275],[-155.12831,19.31366],[-155.1288,19.3147],[-155.13083,19.3148],[-155.14161,19.31297],[-155.14518,19.31295],[-155.15451,19.31449],[-155.16401,19.31832],[-155.16506,19.31829],[-155.16823,19.31684],[-155.17048,19.31735],[-155.17711,19.32051],[-155.17859,19.32317],[-155.18244,19.32459],[-155.18477,19.32769],[-155.18593,19.32853],[-155.18775,19.32872],[-155.19055,19.32748],[-155.19219,19.3275],[-155.19576,19.33119],[-155.20078,19.33245],[-155.20307,19.33627],[-155.20724,19.3379],[-155.209,19.34047],[-155.21137,19.34224],[-155.21319,19.34592],[-155.21798,19.34767],[-155.21877,19.34883],[-155.21934,19.35121],[-155.22178,19.35311],[-155.22429,19.35775],[-155.22422,19.35892],[-155.2218,19.36426],[-155.22212,19.36623],[-155.22468,19.36839],[-155.22663,19.37132],[-155.23237,19.37173],[-155.23381,19.37242],[-155.24595,19.3873],[-155.24734,19.38974],[-155.25114,19.39425],[-155.25316,19.39856],[-155.25306,19.40535],[-155.25169,19.4059],[-155.25019,19.40778],[-155.24883,19.40843],[-155.24349,19.40883],[-155.2422,19.40961],[-155.24099,19.40925],[-155.24045,19.40831],[-155.23947,19.40873],[-155.23961,19.40975],[-155.23857,19.41133],[-155.23843,19.41265],[-155.23951,19.41439],[-155.24056,19.4147],[-155.23865,19.41547],[-155.23783,19.41364],[-155.2368,19.41455],[-155.23308,19.41563],[-155.23714,19.41944],[-155.23922,19.42078],[-155.23937,19.42272],[-155.24253,19.42176],[-155.24292,19.4225],[-155.23758,19.42373],[-155.23489,19.42516],[-155.21839,19.43934],[-155.19838,19.44947],[-155.17514,19.45467],[-155.17324,19.45572],[-155.17168,19.45744],[-155.18298,19.46516],[-155.18391,19.46409],[-155.18933,19.46795],[-155.1884,19.46943],[-155.18993,19.47058],[-155.19227,19.47974],[-155.19096,19.48201],[-155.1933,19.48372],[-155.19308,19.48402],[-155.1844,19.47838],[-155.18249,19.48104],[-155.18668,19.48377],[-155.18358,19.4884],[-155.18316,19.48981],[-155.18263,19.48947],[-155.17884,19.49481],[-155.1832,19.49759],[-155.18512,19.49492],[-155.19221,19.49941],[-155.19492,19.49558],[-155.22741,19.53604],[-155.24077,19.52864],[-155.25001,19.53729],[-155.25825,19.54385],[-155.2996,19.51965],[-155.34024,19.55809],[-155.34132,19.56077],[-155.342,19.53955],[-155.34171,19.53546],[-155.34414,19.52938],[-155.3427,19.52574],[-155.34393,19.49985],[-155.34457,19.47295],[-155.34414,19.4713],[-155.34475,19.47025],[-155.34251,19.46844],[-155.34208,19.46552],[-155.34238,19.46485],[-155.38211,19.50001],[-155.38101,19.50001],[-155.42712,19.5345],[-155.48148,19.5476],[-155.55574,19.5039],[-155.59617,19.52426],[-155.59946,19.51839],[-155.60299,19.52055],[-155.61746,19.53146],[-155.62501,19.54545],[-155.62501,19.54404],[-155.62785,19.54821],[-155.62914,19.5516],[-155.63059,19.55372],[-155.63166,19.55802],[-155.63312,19.56096],[-155.63304,19.55923],[-155.63432,19.56093],[-155.63505,19.5637],[-155.63514,19.5658],[-155.63466,19.56656],[-155.63608,19.56986],[-155.6355,19.57229],[-155.63607,19.57401],[-155.63917,19.57548],[-155.64097,19.57775],[-155.6437,19.57951],[-155.64706,19.58059],[-155.65196,19.58392],[-155.65355,19.58549],[-155.65753,19.59325],[-155.65824,19.5928],[-155.65881,19.59495],[-155.65979,19.59496],[-155.66309,19.59842],[-155.66522,19.59993],[-155.66588,19.60132],[-155.66678,19.60119],[-155.66786,19.60231],[-155.66991,19.603],[-155.67108,19.60488],[-155.673,19.60565],[-155.67746,19.61623],[-155.67867,19.61654],[-155.68501,19.62704],[-155.69445,19.63089],[-155.69607,19.63081],[-155.69726,19.62972],[-155.69865,19.63022],[-155.70054,19.62953],[-155.70182,19.6305],[-155.70417,19.63032],[-155.70536,19.63104],[-155.70692,19.63463],[-155.70864,19.63348],[-155.7088,19.63531],[-155.71008,19.63785],[-155.71134,19.63767],[-155.71242,19.63927],[-155.71518,19.64059],[-155.71569,19.64136],[-155.71824,19.64909],[-155.71822,19.65083],[-155.71953,19.65282],[-155.7191,19.65414],[-155.71958,19.65725],[-155.72135,19.66195],[-155.72245,19.66176],[-155.72336,19.663],[-155.72582,19.66435],[-155.72589,19.66551],[-155.72531,19.66678],[-155.72633,19.66843],[-155.73313,19.67099],[-155.73325,19.67149],[-155.73468,19.67086],[-155.73607,19.66912],[-155.73854,19.66843],[-155.74101,19.6657],[-155.74433,19.66423],[-155.74442,19.66307],[-155.74538,19.66303],[-155.74719,19.66061],[-155.75341,19.65925],[-155.75393,19.65736],[-155.75496,19.65589],[-155.75625,19.65555],[-155.75924,19.65231],[-155.76085,19.6516],[-155.76172,19.64994],[-155.7652,19.64673],[-155.76617,19.64636],[-155.7672,19.64473],[-155.81635,19.63423],[-155.82845,19.63361],[-155.82829,19.63929],[-155.82999,19.64178],[-155.82939,19.64613],[-155.83058,19.64593],[-155.83267,19.6441],[-155.83529,19.64376],[-155.83987,19.64517],[-155.8408,19.64757],[-155.84383,19.65081],[-155.8538,19.65575],[-155.85519,19.65847],[-155.856,19.65848],[-155.85784,19.65963],[-155.86075,19.66271],[-155.8611,19.6643],[-155.86573,19.65878],[-155.87249,19.66708],[-155.87331,19.66756],[-155.87467,19.66989],[-155.87746,19.67101],[-155.879,19.67444],[-155.88224,19.67712],[-155.88761,19.68001],[-155.88844,19.68171],[-155.88852,19.68304],[-155.88826,19.68353],[-155.88742,19.68348],[-155.88637,19.68728],[-155.88437,19.69112],[-155.88406,19.69497],[-155.88449,19.6958],[-155.89078,19.69719],[-155.89132,19.69777],[-155.89064,19.69834],[-155.89707,19.70208],[-155.89831,19.70161],[-155.89997,19.7025],[-155.90168,19.70207],[-155.90258,19.70267],[-155.90369,19.70268],[-155.90635,19.70788],[-155.90726,19.70615],[-155.91194,19.70451],[-155.91476,19.70523],[-155.91944,19.70774]]]}},{"id":"3","type":"Feature","properties":{"objectid":4,"county":"HAWAII","state_senate":"S04","senate_name":"State Senate District 4","senate_id":4,"senate_abbr":"4TH SEN. DIST.","st_areashape":4245073565.685739,"st_perimetershape":418318.74180228723,"GEOID":"15004","geoid":"15004","name":"State Senate District 4 (2024); Hawaii","below_poverty":4893,"total_population":46557,"median_income":96992,"bachelors_plus":6969,"pop_25_plus":34354,"renter_occupied":3743,"total_housing_units":16772,"b25070_007e":432,"b25070_008e":265,"b25070_009e":251,"b25070_010e":857,"b25070_001e":3743,"median_rent":1758,"b25077_001e":743500,"b08303_001e":18342,"b08303_008e":2142,"b08303_009e":454,"b08303_010e":913,"b08303_011e":2520,"b08303_012e":1234,"b08303_013e":472,"public_transit_workers":140,"b23025_003e":22728,"b23025_005e":1302,"state":15,"sldust":4,"NAME":"State Senate District 4 (2024); Hawaii","poverty_rate":10.51,"bachelors_rate":20.29,"college_educated_pct":20.29,"renter_rate":22.32,"rent_burden_households":1805,"rent_burden_rate":48.22,"severe_rent_burden_rate":22.9,"median_home_value":743500,"unemployment_rate":5.73,"public_transportation_pct":0.76,"travel_time_to_work_minutes":50.61,"high_school_or_higher_pct":95.24,"white_pct":61.37,"black_pct":2.07,"asian_pct":39.33,"nhpi_pct":35.37,"hispanic_pct":9.11,"vacancy_rate":26.54,"total_households":16772,"snap_households":1696,"NAME_tax":"State Senate District 04; Hawaii; Hawaii","state_tax":15,"district_x":4,"total_returns":35705.98085806695,"eitc_returns":4508.03401591338,"eitc_participation_rate":12.62543111147972,"federal_eitc_avg_amount":2279.316163032687,"federal_eitc_total_amount":10275234.795972522,"state_eitc_avg_amount":911.7264652130748,"state_eitc_total_amount":4110093.91838901,"ctc_returns":3367.878764298938,"ctc_participation_rate":9.432253878380829,"ctc_avg_amount":982.872828469505,"ctc_total_amount":3310196.5270088785,"total_population_tax":275072,"district_y":4,"alice_rate":45.0,"snap_household_rate":16.56,"snap_benefit_annual_per_household":8766.98,"snap_benefits_annual_total":24349811.66,"total_schools":11,"cep_schools":10,"cep_percentage":90.9090909090909,"cep_display":"10/11 CEP schools","geoid_str":"15004"},"geometry":{"type":"Polygon","coordinates":[[[-155.85035,20.26821],[-155.85056,20.26848],[-155.85209,20.26771],[-155.85299,20.26839],[-155.85382,20.26836],[-155.85457,20.2675],[-155.85782,20.26719],[-155.86073,20.26591],[-155.86229,20.2664],[-155.8632,20.26587],[-155.86633,20.26637],[-155.86714,20.26534],[-155.86891,20.26546],[-155.87123,20.26466],[-155.87329,20.26271],[-155.87765,20.26125],[-155.87806,20.26004],[-155.87932,20.26025],[-155.88016,20.25975],[-155.87979,20.25858],[-155.8818,20.25729],[-155.88291,20.2571],[-155.88479,20.25482],[-155.88545,20.25499],[-155.88545,20.25289],[-155.88623,20.25226],[-155.88753,20.25223],[-155.88856,20.25099],[-155.88792,20.25017],[-155.88869,20.24783],[-155.88937,20.24713],[-155.88937,20.24637],[-155.88864,20.24571],[-155.88902,20.24563],[-155.8886,20.24537],[-155.889,20.24386],[-155.89021,20.24224],[-155.89224,20.24203],[-155.89212,20.24149],[-155.89291,20.24103],[-155.89248,20.24057],[-155.89334,20.2403],[-155.89294,20.23962],[-155.8935,20.23952],[-155.89297,20.23918],[-155.89367,20.23865],[-155.89352,20.23767],[-155.89394,20.2374],[-155.89411,20.23781],[-155.8948,20.23725],[-155.8954,20.2376],[-155.89518,20.23703],[-155.89638,20.23677],[-155.8964,20.23464],[-155.89728,20.23468],[-155.89715,20.23391],[-155.89824,20.23254],[-155.89808,20.23168],[-155.89939,20.2301],[-155.8988,20.22945],[-155.89948,20.2292],[-155.89892,20.22872],[-155.89947,20.22843],[-155.89859,20.22787],[-155.89878,20.22748],[-155.89832,20.2275],[-155.89878,20.22564],[-155.89852,20.22461],[-155.89882,20.22485],[-155.89882,20.22596],[-155.89909,20.22539],[-155.89868,20.22384],[-155.89997,20.22301],[-155.89991,20.22193],[-155.9011,20.22025],[-155.90051,20.22003],[-155.90084,20.21891],[-155.90034,20.21833],[-155.90123,20.21733],[-155.90081,20.21683],[-155.90169,20.21642],[-155.90226,20.21547],[-155.90188,20.21525],[-155.90225,20.21523],[-155.90215,20.21389],[-155.90291,20.21377],[-155.90286,20.21229],[-155.90188,20.21171],[-155.90158,20.21079],[-155.90127,20.20766],[-155.90175,20.20664],[-155.90127,20.2063],[-155.90179,20.20612],[-155.90152,20.20516],[-155.90229,20.20353],[-155.90186,20.20294],[-155.90303,20.20228],[-155.90235,20.20063],[-155.90331,20.20018],[-155.90277,20.19924],[-155.90294,20.19827],[-155.90402,20.19751],[-155.90439,20.19613],[-155.90419,20.19478],[-155.90317,20.19349],[-155.90334,20.19229],[-155.90224,20.19074],[-155.90228,20.18941],[-155.90172,20.18879],[-155.90309,20.18834],[-155.90359,20.187],[-155.90214,20.18657],[-155.90184,20.18512],[-155.90129,20.1848],[-155.90182,20.18466],[-155.90068,20.18441],[-155.90031,20.18387],[-155.90154,20.18366],[-155.90216,20.18117],[-155.90165,20.18044],[-155.90187,20.17951],[-155.90061,20.17885],[-155.90103,20.17804],[-155.90036,20.17767],[-155.90075,20.17707],[-155.90017,20.17686],[-155.90003,20.17623],[-155.90047,20.17598],[-155.89964,20.17424],[-155.89979,20.17378],[-155.90089,20.17355],[-155.90102,20.17218],[-155.90159,20.17171],[-155.90081,20.17106],[-155.90093,20.17063],[-155.89972,20.17029],[-155.9,20.1688],[-155.8995,20.16559],[-155.90039,20.1639],[-155.89983,20.16257],[-155.8987,20.16251],[-155.89831,20.15979],[-155.89877,20.15891],[-155.89807,20.15813],[-155.89828,20.15622],[-155.89772,20.1556],[-155.89737,20.15303],[-155.89525,20.15098],[-155.89546,20.15037],[-155.89493,20.14924],[-155.89553,20.1487],[-155.89526,20.14718],[-155.8964,20.14595],[-155.8955,20.14485],[-155.89593,20.14257],[-155.89534,20.14216],[-155.89544,20.14157],[-155.89449,20.13994],[-155.89277,20.13898],[-155.89252,20.13757],[-155.89312,20.1357],[-155.89095,20.13158],[-155.89167,20.13076],[-155.89151,20.13012],[-155.89208,20.12979],[-155.89105,20.12815],[-155.89144,20.12759],[-155.89087,20.12614],[-155.89169,20.12534],[-155.89135,20.1239],[-155.8867,20.11988],[-155.88672,20.11886],[-155.88757,20.11849],[-155.88736,20.11771],[-155.88623,20.11706],[-155.88525,20.11722],[-155.88515,20.11637],[-155.88446,20.11624],[-155.88479,20.11577],[-155.88446,20.11538],[-155.88489,20.1151],[-155.88376,20.11454],[-155.88458,20.11339],[-155.88522,20.11347],[-155.88528,20.11278],[-155.8829,20.11319],[-155.88286,20.11262],[-155.88386,20.11158],[-155.88284,20.11178],[-155.88218,20.11076],[-155.88281,20.11057],[-155.88253,20.11006],[-155.88315,20.11003],[-155.88242,20.10945],[-155.88367,20.10722],[-155.88361,20.10548],[-155.88212,20.1045],[-155.88166,20.10489],[-155.88124,20.10356],[-155.88081,20.10384],[-155.87931,20.10347],[-155.87945,20.10297],[-155.87884,20.10264],[-155.87955,20.10224],[-155.87923,20.10122],[-155.87831,20.10051],[-155.8774,20.09879],[-155.87801,20.09871],[-155.87794,20.09821],[-155.87656,20.09631],[-155.87644,20.09515],[-155.87496,20.09471],[-155.87501,20.09302],[-155.87427,20.09306],[-155.87412,20.0924],[-155.87469,20.0915],[-155.87425,20.09086],[-155.87275,20.09033],[-155.87289,20.08981],[-155.87156,20.0895],[-155.87229,20.0889],[-155.87078,20.08783],[-155.87142,20.08712],[-155.87076,20.08578],[-155.87009,20.08594],[-155.86949,20.08479],[-155.86738,20.0841],[-155.86786,20.08299],[-155.86709,20.08199],[-155.86766,20.08154],[-155.86692,20.08155],[-155.86598,20.08013],[-155.86565,20.08067],[-155.86523,20.08044],[-155.8657,20.07959],[-155.86509,20.07891],[-155.8655,20.07831],[-155.86455,20.07737],[-155.86448,20.07609],[-155.86322,20.07574],[-155.86226,20.07453],[-155.86125,20.0751],[-155.85933,20.07466],[-155.8596,20.07393],[-155.85882,20.07398],[-155.85871,20.07292],[-155.85814,20.07291],[-155.85843,20.07239],[-155.85794,20.07221],[-155.858,20.07149],[-155.85729,20.07141],[-155.85576,20.06989],[-155.85566,20.06783],[-155.85479,20.06698],[-155.85398,20.0671],[-155.85458,20.06689],[-155.85406,20.06562],[-155.85311,20.06615],[-155.85305,20.06525],[-155.85183,20.0645],[-155.85256,20.0639],[-155.85169,20.0636],[-155.85159,20.06305],[-155.85101,20.06314],[-155.8514,20.06252],[-155.84922,20.06072],[-155.84795,20.06074],[-155.84731,20.0595],[-155.84597,20.05893],[-155.84391,20.05675],[-155.84317,20.05436],[-155.84441,20.05352],[-155.84326,20.05329],[-155.84357,20.0524],[-155.84269,20.05239],[-155.84242,20.05159],[-155.83909,20.05036],[-155.83828,20.04922],[-155.83844,20.04796],[-155.83795,20.04674],[-155.83627,20.0444],[-155.83268,20.04107],[-155.83195,20.03927],[-155.831,20.03918],[-155.83161,20.03862],[-155.83105,20.03767],[-155.83033,20.03733],[-155.83022,20.03752],[-155.82941,20.03763],[-155.82988,20.03726],[-155.82954,20.03643],[-155.82539,20.0324],[-155.82626,20.0323],[-155.82688,20.03306],[-155.82746,20.03255],[-155.82934,20.03227],[-155.82969,20.03148],[-155.83075,20.03142],[-155.83366,20.03456],[-155.83407,20.03728],[-155.83378,20.03452],[-155.82881,20.0289],[-155.82558,20.02743],[-155.82389,20.02822],[-155.8231,20.02773],[-155.82358,20.02657],[-155.82342,20.02472],[-155.82245,20.02313],[-155.8235,20.01948],[-155.82248,20.01892],[-155.82363,20.016],[-155.82464,20.01599],[-155.82526,20.0154],[-155.82554,20.01451],[-155.82487,20.01263],[-155.82506,20.01192],[-155.82595,20.01143],[-155.82513,20.01041],[-155.82694,20.0079],[-155.82672,20.00659],[-155.82525,20.00611],[-155.82508,20.00433],[-155.82655,20.00281],[-155.82674,20.00305],[-155.82782,20.00326],[-155.82685,20.00266],[-155.82748,20.00181],[-155.82812,20.00211],[-155.82769,20.00174],[-155.82813,19.99978],[-155.82747,19.99841],[-155.82835,19.99767],[-155.82746,19.997],[-155.82741,19.99551],[-155.82634,19.99522],[-155.82594,19.99448],[-155.82618,19.99258],[-155.82702,19.98975],[-155.82775,19.9893],[-155.82794,19.98845],[-155.82895,19.98845],[-155.82916,19.98785],[-155.83009,19.98798],[-155.82997,19.98701],[-155.83129,19.98519],[-155.83104,19.98436],[-155.83011,19.98449],[-155.82962,19.98409],[-155.82849,19.98237],[-155.82907,19.98009],[-155.83029,19.97865],[-155.83128,19.9793],[-155.83094,19.97786],[-155.83123,19.97745],[-155.83243,19.9775],[-155.83122,19.97568],[-155.83152,19.97415],[-155.83241,19.97393],[-155.8325,19.97297],[-155.83294,19.97289],[-155.83329,19.97349],[-155.83425,19.97266],[-155.83612,19.97235],[-155.83743,19.97282],[-155.83736,19.97358],[-155.83792,19.97378],[-155.84155,19.97168],[-155.84228,19.97169],[-155.84345,19.96978],[-155.8458,19.96839],[-155.84727,19.96798],[-155.84976,19.96817],[-155.85418,19.96579],[-155.85608,19.9634],[-155.85612,19.9626],[-155.85769,19.96081],[-155.85847,19.96058],[-155.85858,19.95748],[-155.85938,19.95732],[-155.86073,19.95599],[-155.86148,19.95513],[-155.86192,19.95326],[-155.86717,19.94769],[-155.86822,19.94712],[-155.86796,19.94567],[-155.86967,19.94505],[-155.87008,19.94435],[-155.8695,19.94358],[-155.87202,19.94231],[-155.87287,19.94251],[-155.87277,19.94324],[-155.87332,19.94392],[-155.87393,19.9437],[-155.87408,19.9442],[-155.87503,19.9439],[-155.87599,19.9426],[-155.87705,19.94323],[-155.87745,19.94308],[-155.87705,19.94222],[-155.87798,19.94279],[-155.87729,19.94193],[-155.87812,19.94217],[-155.87793,19.94175],[-155.87863,19.94156],[-155.87828,19.94136],[-155.87864,19.94063],[-155.87693,19.93992],[-155.87683,19.93918],[-155.87749,19.93899],[-155.8773,19.93757],[-155.87773,19.93721],[-155.87735,19.93458],[-155.87791,19.93385],[-155.88061,19.93366],[-155.88096,19.93436],[-155.88351,19.93359],[-155.88491,19.93383],[-155.88491,19.93298],[-155.88677,19.93272],[-155.88777,19.93169],[-155.88821,19.92957],[-155.8892,19.92978],[-155.88978,19.92913],[-155.88882,19.92729],[-155.88797,19.92682],[-155.88673,19.92695],[-155.88673,19.92589],[-155.88616,19.92575],[-155.88723,19.92558],[-155.88799,19.92444],[-155.88797,19.92491],[-155.88903,19.92539],[-155.88795,19.92542],[-155.887,19.92629],[-155.88859,19.92661],[-155.88849,19.92617],[-155.89079,19.9254],[-155.89181,19.92382],[-155.89093,19.92177],[-155.89139,19.91993],[-155.89015,19.91771],[-155.88781,19.91665],[-155.88769,19.91428],[-155.88855,19.91326],[-155.89005,19.91284],[-155.88987,19.91254],[-155.89106,19.91167],[-155.89352,19.91087],[-155.89489,19.91114],[-155.8953,19.91089],[-155.89497,19.91012],[-155.89668,19.90936],[-155.89906,19.90933],[-155.90035,19.9071],[-155.90049,19.90589],[-155.90156,19.90525],[-155.90109,19.90403],[-155.90201,19.9021],[-155.9011,19.90124],[-155.90108,19.90038],[-155.90362,19.8993],[-155.90464,19.89943],[-155.90458,19.89844],[-155.90515,19.89767],[-155.90601,19.897],[-155.90721,19.89707],[-155.90545,19.88975],[-155.90587,19.88816],[-155.90771,19.88596],[-155.90852,19.88555],[-155.91064,19.88571],[-155.91268,19.88425],[-155.91275,19.88158],[-155.91537,19.87838],[-155.91489,19.87662],[-155.91514,19.87588],[-155.91699,19.87485],[-155.91888,19.87505],[-155.92236,19.87232],[-155.92366,19.86996],[-155.92404,19.86515],[-155.9227,19.86219],[-155.92274,19.86019],[-155.92197,19.85755],[-155.92115,19.85803],[-155.92231,19.86044],[-155.92062,19.85835],[-155.92047,19.8566],[-155.92126,19.85527],[-155.92225,19.85521],[-155.92344,19.85605],[-155.9264,19.85437],[-155.92886,19.85228],[-155.93097,19.8523],[-155.9376,19.8494],[-155.93899,19.84966],[-155.93942,19.85025],[-155.94249,19.8503],[-155.94392,19.85227],[-155.94549,19.85262],[-155.94543,19.85339],[-155.94579,19.85317],[-155.9466,19.85399],[-155.94782,19.85275],[-155.94917,19.85322],[-155.95025,19.85269],[-155.95158,19.85287],[-155.9519,19.85234],[-155.95509,19.85222],[-155.95718,19.85313],[-155.96002,19.85276],[-155.96104,19.85214],[-155.96183,19.85231],[-155.96412,19.85134],[-155.96522,19.85138],[-155.96518,19.851],[-155.96757,19.85016],[-155.9683,19.84929],[-155.97154,19.84876],[-155.9741,19.84743],[-155.97401,19.84707],[-155.97576,19.84545],[-155.97715,19.84525],[-155.97697,19.84491],[-155.97816,19.84343],[-155.98016,19.84279],[-155.97996,19.84238],[-155.98079,19.84124],[-155.9812,19.83951],[-155.98106,19.83866],[-155.98218,19.83794],[-155.98238,19.83724],[-155.98394,19.83662],[-155.98577,19.83497],[-155.98672,19.83525],[-155.98692,19.83462],[-155.9864,19.83422],[-155.98674,19.83368],[-155.98608,19.83192],[-155.98664,19.8311],[-155.98858,19.83115],[-155.98901,19.83056],[-155.99124,19.82989],[-155.99769,19.82559],[-155.99743,19.82407],[-155.99775,19.82319],[-156.00134,19.81934],[-156.0012,19.81837],[-156.00172,19.81802],[-156.00123,19.81512],[-156.00177,19.81458],[-156.00564,19.81454],[-156.00717,19.81256],[-156.00672,19.81116],[-156.00721,19.80999],[-156.00834,19.80957],[-156.00935,19.80802],[-156.01293,19.80693],[-156.01398,19.8052],[-156.01362,19.80456],[-156.01382,19.80303],[-156.01591,19.80141],[-156.01727,19.80173],[-156.0174,19.8009],[-156.01878,19.79932],[-156.02044,19.79842],[-156.02172,19.79599],[-156.0223,19.7959],[-156.02267,19.7965],[-156.02561,19.79564],[-156.02613,19.79304],[-156.02782,19.79254],[-156.02909,19.79097],[-156.03079,19.79033],[-156.03379,19.79057],[-156.0359,19.78852],[-156.03822,19.78806],[-156.03888,19.78708],[-156.03867,19.78657],[-156.03999,19.78223],[-156.04252,19.78126],[-156.04463,19.77932],[-156.04559,19.77908],[-156.04574,19.77797],[-156.04638,19.77738],[-156.04705,19.77733],[-156.04663,19.77564],[-156.04714,19.77426],[-156.05018,19.77257],[-156.04919,19.77067],[-156.04965,19.76929],[-156.04881,19.7679],[-156.04943,19.76699],[-156.04859,19.76543],[-156.04899,19.76435],[-156.04981,19.76418],[-156.04949,19.76359],[-156.0498,19.76274],[-156.05071,19.76183],[-156.04914,19.75946],[-156.04948,19.75797],[-156.04916,19.75689],[-156.04964,19.75566],[-156.04937,19.75371],[-156.05081,19.75027],[-156.05453,19.7477],[-156.055,19.74647],[-156.05386,19.74265],[-156.05442,19.73919],[-156.0534,19.73759],[-156.05302,19.73581],[-156.05672,19.73194],[-156.05959,19.73106],[-156.06079,19.72998],[-156.06167,19.72753],[-156.06002,19.72659],[-156.05761,19.72248],[-156.05645,19.72156],[-156.05654,19.72091],[-156.05141,19.71765],[-156.05065,19.71592],[-156.05005,19.71602],[-156.04961,19.71545],[-156.04907,19.71257],[-156.04963,19.7121],[-156.04808,19.70672],[-156.04869,19.70108],[-156.04911,19.70051],[-156.04762,19.69927],[-156.04507,19.69529],[-156.04524,19.69319],[-156.04217,19.69161],[-156.04118,19.69037],[-156.03812,19.68954],[-156.02433,19.69284],[-156.0229,19.69037],[-156.01915,19.69216],[-156.01653,19.69273],[-156.01382,19.69232],[-156.0091,19.68944],[-156.00645,19.689],[-156.0034,19.69027],[-155.99691,19.69693],[-155.99435,19.69807],[-155.99128,19.69837],[-155.98702,19.69696],[-155.97873,19.69091],[-155.97603,19.69072],[-155.97556,19.68823],[-155.9751,19.68819],[-155.9747,19.68677],[-155.97193,19.68794],[-155.97092,19.68774],[-155.9696,19.68825],[-155.96788,19.68724],[-155.96432,19.68868],[-155.96067,19.68896],[-155.95853,19.69087],[-155.95692,19.6904],[-155.95404,19.69087],[-155.95116,19.69053],[-155.94582,19.69219],[-155.94161,19.69544],[-155.93991,19.69788],[-155.93843,19.69813],[-155.934,19.70192],[-155.9326,19.70209],[-155.93075,19.70444],[-155.92847,19.70533],[-155.92733,19.70504],[-155.92359,19.70596],[-155.92341,19.70665],[-155.92399,19.70759],[-155.92029,19.70846],[-155.91476,19.70523],[-155.91194,19.70451],[-155.90726,19.70615],[-155.90635,19.70788],[-155.90369,19.70268],[-155.90258,19.70267],[-155.90168,19.70207],[-155.89997,19.7025],[-155.89831,19.70161],[-155.89707,19.70208],[-155.89064,19.69834],[-155.89132,19.69777],[-155.89078,19.69719],[-155.88449,19.6958],[-155.88406,19.69497],[-155.88437,19.69112],[-155.88637,19.68728],[-155.88742,19.68348],[-155.88826,19.68353],[-155.88852,19.68304],[-155.88844,19.68171],[-155.88761,19.68001],[-155.88224,19.67712],[-155.879,19.67444],[-155.87746,19.67101],[-155.87467,19.66989],[-155.87331,19.66756],[-155.87249,19.66708],[-155.86573,19.65878],[-155.8611,19.6643],[-155.86075,19.66271],[-155.85784,19.65963],[-155.856,19.65848],[-155.85519,19.65847],[-155.8538,19.65575],[-155.84383,19.65081],[-155.8408,19.64757],[-155.83987,19.64517],[-155.83529,19.64376],[-155.83267,19.6441],[-155.83058,19.64593],[-155.82939,19.64613],[-155.82999,19.64178],[-155.82829,19.63929],[-155.82845,19.63361],[-155.81635,19.63423],[-155.7672,19.64473],[-155.76617,19.64636],[-155.7652,19.64673],[-155.76172,19.64994],[-155.76085,19.6516],[-155.75924,19.65231],[-155.75625,19.65555],[-155.75496,19.65589],[-155.75393,19.65736],[-155.75341,19.65925],[-155.74719,19.66061],[-155.74538,19.66303],[-155.74442,19.66307],[-155.74433,19.66423],[-155.74101,19.6657],[-155.73854,19.66843],[-155.73607,19.66912],[-155.73468,19.67086],[-155.73325,19.67149],[-155.73313,19.67099],[-155.72633,19.66843],[-155.72531,19.66678],[-155.72589,19.66551],[-155.72582,19.66435],[-155.72336,19.663],[-155.72245,19.66176],[-155.72135,19.66195],[-155.71958,19.65725],[-155.7191,19.65414],[-155.71953,19.65282],[-155.71822,19.65083],[-155.71824,19.64909],[-155.71569,19.64136],[-155.71518,19.64059],[-155.71242,19.63927],[-155.71134,19.63767],[-155.71008,19.63785],[-155.7088,19.63531],[-155.70864,19.63348],[-155.70692,19.63463],[-155.70536,19.63104],[-155.70417,19.63032],[-155.70182,19.6305],[-155.70054,19.62953],[-155.69865,19.63022],[-155.69726,19.62972],[-155.69607,19.63081],[-155.69445,19.63089],[-155.68501,19.62704],[-155.67867,19.61654],[-155.67746,19.61623],[-155.673,19.60565],[-155.67108,19.60488],[-155.66991,19.603],[-155.66786,19.60231],[-155.66678,19.60119],[-155.66588,19.60132],[-155.66522,19.59993],[-155.66309,19.59842],[-155.65979,19.59496],[-155.65881,19.59495],[-155.65824,19.5928],[-155.65753,19.59325],[-155.65355,19.58549],[-155.65196,19.58392],[-155.64706,19.58059],[-155.6437,19.57951],[-155.64097,19.57775],[-155.63917,19.57548],[-155.63607,19.57401],[-155.6355,19.57229],[-155.63608,19.56986],[-155.63466,19.56656],[-155.63514,19.5658],[-155.63505,19.5637],[-155.63432,19.56093],[-155.63304,19.55923],[-155.63312,19.56096],[-155.63166,19.55802],[-155.63059,19.55372],[-155.62914,19.5516],[-155.62785,19.54821],[-155.62501,19.54404],[-155.62501,19.54545],[-155.61828,19.53244],[-155.60299,19.52055],[-155.59946,19.51839],[-155.59617,19.52426],[-155.55574,19.5039],[-155.55514,19.504],[-155.48148,19.5476],[-155.42712,19.5345],[-155.38101,19.50001],[-155.38211,19.50001],[-155.34215,19.46499],[-155.34251,19.46844],[-155.34475,19.47025],[-155.34414,19.4713],[-155.34457,19.47295],[-155.34393,19.49985],[-155.3427,19.52574],[-155.34414,19.52938],[-155.34171,19.53546],[-155.342,19.53955],[-155.34132,19.56077],[-155.34829,19.57375],[-155.35616,19.59252],[-155.36555,19.61807],[-155.38009,19.65398],[-155.3785,19.65503],[-155.39019,19.68458],[-155.39687,19.69058],[-155.38941,19.72647],[-155.37351,19.74297],[-155.37352,19.74435],[-155.37051,19.74791],[-155.34308,19.77734],[-155.34368,19.78084],[-155.33838,19.78629],[-155.33545,19.79589],[-155.33547,19.80347],[-155.33076,19.80248],[-155.32454,19.80353],[-155.32341,19.80475],[-155.31941,19.80632],[-155.31598,19.80882],[-155.31342,19.80916],[-155.30721,19.80725],[-155.30349,19.80702],[-155.2986,19.80503],[-155.29548,19.8059],[-155.29335,19.80565],[-155.28882,19.80777],[-155.26627,19.82075],[-155.26545,19.82028],[-155.26228,19.82038],[-155.26085,19.81987],[-155.25991,19.8187],[-155.2584,19.81804],[-155.25802,19.81652],[-155.25744,19.81618],[-155.25496,19.8168],[-155.25295,19.81838],[-155.25108,19.81871],[-155.2509,19.81992],[-155.24421,19.82106],[-155.24262,19.82219],[-155.23898,19.82099],[-155.23277,19.82145],[-155.23084,19.82356],[-155.22955,19.82424],[-155.22813,19.8242],[-155.22639,19.82568],[-155.22499,19.82617],[-155.22359,19.82626],[-155.22114,19.82496],[-155.21882,19.82523],[-155.21564,19.82738],[-155.21051,19.8294],[-155.20616,19.82919],[-155.20378,19.83035],[-155.20047,19.82988],[-155.1977,19.83142],[-155.19516,19.83158],[-155.19296,19.83112],[-155.19172,19.83237],[-155.19034,19.83257],[-155.18979,19.83378],[-155.1857,19.83483],[-155.18409,19.83572],[-155.18389,19.83662],[-155.18189,19.83813],[-155.1802,19.83822],[-155.17947,19.83942],[-155.17852,19.83998],[-155.17663,19.8403],[-155.17637,19.84247],[-155.17514,19.84408],[-155.1742,19.84419],[-155.17269,19.84544],[-155.17202,19.84658],[-155.1721,19.84755],[-155.16801,19.84914],[-155.16366,19.84496],[-155.16264,19.84264],[-155.16118,19.84296],[-155.1572,19.84592],[-155.15671,19.84536],[-155.15593,19.84116],[-155.15404,19.84254],[-155.15138,19.84268],[-155.15068,19.84347],[-155.14932,19.84373],[-155.14887,19.84446],[-155.14513,19.84466],[-155.14354,19.84197],[-155.1471,19.84084],[-155.14613,19.8393],[-155.14732,19.83918],[-155.14801,19.83837],[-155.14918,19.83801],[-155.14809,19.83661],[-155.14948,19.83571],[-155.1483,19.83345],[-155.14244,19.8346],[-155.14223,19.83394],[-155.13959,19.8343],[-155.13815,19.83489],[-155.13628,19.83413],[-155.13401,19.83399],[-155.13283,19.83447],[-155.13023,19.83423],[-155.12586,19.83558],[-155.12327,19.83582],[-155.12225,19.83506],[-155.1218,19.83564],[-155.12098,19.83464],[-155.12038,19.83507],[-155.11908,19.83491],[-155.11755,19.83614],[-155.1166,19.83616],[-155.11221,19.83884],[-155.11055,19.83895],[-155.10958,19.83963],[-155.10531,19.84077],[-155.10421,19.84033],[-155.10235,19.84129],[-155.10125,19.84247],[-155.09843,19.8428],[-155.09542,19.84445],[-155.09554,19.8452],[-155.09336,19.8468],[-155.09365,19.84736],[-155.0897,19.85034],[-155.08645,19.85107],[-155.0847,19.85092],[-155.0832,19.85261],[-155.08665,19.85279],[-155.08793,19.85359],[-155.0876,19.85401],[-155.08822,19.85519],[-155.08755,19.85629],[-155.08804,19.85608],[-155.08885,19.85672],[-155.08908,19.85793],[-155.08787,19.85956],[-155.0892,19.86102],[-155.08989,19.86108],[-155.09007,19.86259],[-155.09173,19.86375],[-155.09219,19.86497],[-155.09298,19.8653],[-155.0933,19.86468],[-155.09434,19.86525],[-155.0963,19.86521],[-155.09622,19.86572],[-155.09728,19.86611],[-155.09804,19.86741],[-155.09642,19.86808],[-155.09706,19.869],[-155.09986,19.86761],[-155.10272,19.86889],[-155.10263,19.87002],[-155.10499,19.86978],[-155.10755,19.87417],[-155.10872,19.8749],[-155.10867,19.87542],[-155.10972,19.87534],[-155.11039,19.87633],[-155.10951,19.87823],[-155.10995,19.87912],[-155.11145,19.87982],[-155.11186,19.88059],[-155.11244,19.8803],[-155.11274,19.88068],[-155.11416,19.88064],[-155.11471,19.8812],[-155.11592,19.88113],[-155.11746,19.88242],[-155.11913,19.88307],[-155.11895,19.884],[-155.11975,19.88612],[-155.11897,19.88693],[-155.119,19.88857],[-155.12071,19.89048],[-155.12219,19.89394],[-155.12162,19.89465],[-155.12251,19.89528],[-155.12314,19.89709],[-155.12395,19.89777],[-155.12403,19.8983],[-155.12331,19.89856],[-155.12501,19.89935],[-155.12501,19.901],[-155.12852,19.90019],[-155.12877,19.90101],[-155.12803,19.90207],[-155.12839,19.90383],[-155.13041,19.90564],[-155.13331,19.90689],[-155.13407,19.90797],[-155.13507,19.90777],[-155.13501,19.90824],[-155.13431,19.90847],[-155.13442,19.91019],[-155.13533,19.91002],[-155.13575,19.91042],[-155.13652,19.91219],[-155.13808,19.91406],[-155.13822,19.91523],[-155.13919,19.91529],[-155.14024,19.91606],[-155.14164,19.91779],[-155.14629,19.9199],[-155.14933,19.92248],[-155.14951,19.92308],[-155.15098,19.92392],[-155.15134,19.92488],[-155.15332,19.92668],[-155.15272,19.92753],[-155.15545,19.9284],[-155.15782,19.93112],[-155.15753,19.93231],[-155.15917,19.93258],[-155.16034,19.93376],[-155.16113,19.93391],[-155.16332,19.93651],[-155.16556,19.93747],[-155.16788,19.93923],[-155.1677,19.94015],[-155.17072,19.94139],[-155.17252,19.94313],[-155.17278,19.94403],[-155.17479,19.94454],[-155.17568,19.94585],[-155.1768,19.94616],[-155.17727,19.94789],[-155.17781,19.94796],[-155.17782,19.94887],[-155.1786,19.94885],[-155.18374,19.95247],[-155.18732,19.95425],[-155.19007,19.95463],[-155.19174,19.95545],[-155.19557,19.95526],[-155.1971,19.95939],[-155.19695,19.9606],[-155.19779,19.96054],[-155.19871,19.96152],[-155.19852,19.9619],[-155.20165,19.96442],[-155.20193,19.96675],[-155.2028,19.96698],[-155.2065,19.97046],[-155.20731,19.97053],[-155.20765,19.97123],[-155.21141,19.97375],[-155.21218,19.97485],[-155.21316,19.97482],[-155.21382,19.97583],[-155.21877,19.97752],[-155.21855,19.97814],[-155.2191,19.97769],[-155.2197,19.97861],[-155.22232,19.97983],[-155.2227,19.98063],[-155.22519,19.98106],[-155.23103,19.98508],[-155.23859,19.98764],[-155.24081,19.991],[-155.24041,19.9921],[-155.23982,19.99233],[-155.23974,19.99404],[-155.24138,19.994],[-155.2424,19.99309],[-155.24398,19.99438],[-155.24769,19.9947],[-155.2503,19.99719],[-155.25053,19.99894],[-155.25144,19.99972],[-155.25155,20.00075],[-155.25305,20.00101],[-155.2561,20.00354],[-155.25878,20.00422],[-155.26041,20.00575],[-155.26159,20.00558],[-155.26284,20.00761],[-155.26607,20.0098],[-155.26766,20.01163],[-155.27365,20.01508],[-155.27477,20.01584],[-155.27478,20.01632],[-155.27639,20.01706],[-155.27732,20.01699],[-155.27996,20.01897],[-155.28181,20.01928],[-155.28307,20.01874],[-155.28322,20.01929],[-155.28431,20.01926],[-155.28662,20.0206],[-155.29029,20.02087],[-155.2921,20.02174],[-155.29321,20.02153],[-155.29775,20.02354],[-155.29919,20.02501],[-155.30078,20.0251],[-155.30159,20.02585],[-155.30823,20.02813],[-155.30929,20.02891],[-155.3094,20.02981],[-155.31014,20.02929],[-155.31099,20.0294],[-155.31364,20.03145],[-155.31509,20.03175],[-155.31618,20.03257],[-155.31883,20.0326],[-155.32242,20.03342],[-155.32331,20.0344],[-155.32834,20.03606],[-155.33116,20.038],[-155.33367,20.04095],[-155.33562,20.04139],[-155.33616,20.04195],[-155.33807,20.04194],[-155.34314,20.04491],[-155.34304,20.04535],[-155.34465,20.04678],[-155.34552,20.04917],[-155.34707,20.04844],[-155.34862,20.04902],[-155.35062,20.04863],[-155.35515,20.04981],[-155.35739,20.0514],[-155.36435,20.05452],[-155.36744,20.05741],[-155.36945,20.05712],[-155.37211,20.05785],[-155.3738,20.05923],[-155.37509,20.06142],[-155.37597,20.06131],[-155.37614,20.06196],[-155.37758,20.06254],[-155.37955,20.06256],[-155.38322,20.06447],[-155.38521,20.06402],[-155.38707,20.06428],[-155.38847,20.06546],[-155.3905,20.06583],[-155.39142,20.06661],[-155.39365,20.06727],[-155.39489,20.06855],[-155.39627,20.06874],[-155.39721,20.07011],[-155.39885,20.07074],[-155.40013,20.07398],[-155.40201,20.07579],[-155.40373,20.07593],[-155.40435,20.07628],[-155.40425,20.07669],[-155.40538,20.07667],[-155.40563,20.07708],[-155.40968,20.07714],[-155.41179,20.07788],[-155.41258,20.07834],[-155.41282,20.07958],[-155.41401,20.08082],[-155.41494,20.08126],[-155.41589,20.08095],[-155.4165,20.08246],[-155.41984,20.08267],[-155.42016,20.08338],[-155.42081,20.08317],[-155.42215,20.08423],[-155.42399,20.08422],[-155.42573,20.08493],[-155.42886,20.08679],[-155.42897,20.08745],[-155.42971,20.08784],[-155.42984,20.0874],[-155.43028,20.08798],[-155.43112,20.08768],[-155.43292,20.08825],[-155.43333,20.08908],[-155.43634,20.08918],[-155.4377,20.09161],[-155.43736,20.09226],[-155.43809,20.09221],[-155.43907,20.09135],[-155.43974,20.09155],[-155.44001,20.09229],[-155.43997,20.09175],[-155.44049,20.09168],[-155.44119,20.09268],[-155.44394,20.09335],[-155.44714,20.09389],[-155.45005,20.0936],[-155.45195,20.09547],[-155.45296,20.09563],[-155.45574,20.09861],[-155.45966,20.09975],[-155.4617,20.09954],[-155.46193,20.10051],[-155.46253,20.10015],[-155.46369,20.10104],[-155.46472,20.10052],[-155.46545,20.10129],[-155.46632,20.10059],[-155.46666,20.10122],[-155.46709,20.10066],[-155.46887,20.1012],[-155.46924,20.10075],[-155.47042,20.10081],[-155.47209,20.10238],[-155.47249,20.10335],[-155.47403,20.10296],[-155.47537,20.10415],[-155.47946,20.10464],[-155.48038,20.10581],[-155.48535,20.10672],[-155.48602,20.10622],[-155.4901,20.10773],[-155.49384,20.11004],[-155.49558,20.1115],[-155.49608,20.11262],[-155.49988,20.11107],[-155.50063,20.11172],[-155.5017,20.11135],[-155.50404,20.11203],[-155.5049,20.11314],[-155.5055,20.11282],[-155.50671,20.1137],[-155.50808,20.11151],[-155.51375,20.11188],[-155.5158,20.11316],[-155.51623,20.11422],[-155.51686,20.11424],[-155.51745,20.11495],[-155.5186,20.11475],[-155.52021,20.11571],[-155.52141,20.11719],[-155.52763,20.11787],[-155.5285,20.11937],[-155.53082,20.11972],[-155.53154,20.12076],[-155.53229,20.11936],[-155.53702,20.11936],[-155.5381,20.12099],[-155.53906,20.12174],[-155.54088,20.12215],[-155.54126,20.12287],[-155.54306,20.12296],[-155.54753,20.12464],[-155.54884,20.12567],[-155.54914,20.12701],[-155.55048,20.12709],[-155.55075,20.12788],[-155.55209,20.12732],[-155.55494,20.12783],[-155.55607,20.1287],[-155.5598,20.12754],[-155.56534,20.12719],[-155.57059,20.12537],[-155.57269,20.12365],[-155.5739,20.12358],[-155.576,20.12147],[-155.57884,20.12028],[-155.58394,20.11993],[-155.58751,20.11901],[-155.59091,20.11965],[-155.59097,20.12004],[-155.59274,20.12073],[-155.59639,20.12178],[-155.59822,20.12346],[-155.59995,20.12763],[-155.60057,20.1278],[-155.60398,20.13149],[-155.60434,20.13138],[-155.60434,20.13253],[-155.60545,20.13489],[-155.60636,20.13507],[-155.60763,20.13624],[-155.60954,20.13693],[-155.61143,20.13623],[-155.61301,20.13641],[-155.61569,20.13786],[-155.61723,20.13978],[-155.62304,20.1431],[-155.62501,20.14306],[-155.6283,20.14393],[-155.63327,20.14307],[-155.63763,20.14541],[-155.64081,20.15396],[-155.6421,20.15519],[-155.6466,20.15662],[-155.64701,20.15876],[-155.64818,20.16081],[-155.65127,20.16439],[-155.65567,20.1653],[-155.65792,20.16643],[-155.65975,20.16839],[-155.66575,20.17175],[-155.67061,20.1741],[-155.67307,20.17418],[-155.67547,20.17502],[-155.68098,20.17857],[-155.68485,20.17932],[-155.68572,20.1791],[-155.68684,20.17794],[-155.68868,20.17831],[-155.68948,20.17954],[-155.69244,20.18179],[-155.69596,20.1854],[-155.69903,20.18607],[-155.70235,20.18923],[-155.70739,20.19059],[-155.7099,20.19256],[-155.71286,20.19411],[-155.71535,20.1943],[-155.71579,20.19261],[-155.71662,20.19274],[-155.71666,20.19698],[-155.71785,20.19652],[-155.72068,20.19746],[-155.72473,20.20087],[-155.72772,20.20121],[-155.72951,20.20207],[-155.73097,20.20387],[-155.73344,20.21196],[-155.73212,20.2132],[-155.73092,20.21559],[-155.73087,20.21697],[-155.73047,20.21712],[-155.73101,20.22004],[-155.73225,20.21974],[-155.7336,20.21835],[-155.73382,20.21899],[-155.73338,20.21899],[-155.73327,20.21953],[-155.73473,20.22009],[-155.73536,20.22102],[-155.73671,20.22049],[-155.73714,20.22132],[-155.739,20.22251],[-155.73981,20.22419],[-155.73954,20.22508],[-155.74424,20.22937],[-155.74714,20.22685],[-155.74842,20.22702],[-155.74875,20.22816],[-155.74841,20.23008],[-155.74928,20.22997],[-155.75209,20.2314],[-155.75326,20.23307],[-155.75293,20.2339],[-155.75316,20.23577],[-155.75455,20.236],[-155.75608,20.2375],[-155.75779,20.238],[-155.7593,20.23643],[-155.76113,20.23675],[-155.76187,20.23816],[-155.76305,20.23798],[-155.76434,20.23878],[-155.76506,20.23977],[-155.7651,20.24126],[-155.76819,20.24138],[-155.77007,20.24204],[-155.77023,20.24262],[-155.76939,20.24334],[-155.76909,20.24493],[-155.77006,20.24576],[-155.77164,20.24663],[-155.77193,20.24641],[-155.77168,20.24589],[-155.77391,20.242],[-155.77571,20.24269],[-155.77838,20.24232],[-155.77984,20.24339],[-155.78064,20.24327],[-155.78163,20.24503],[-155.78251,20.24475],[-155.78517,20.24596],[-155.78566,20.24697],[-155.78885,20.24767],[-155.78923,20.24736],[-155.79033,20.24874],[-155.7949,20.24915],[-155.797,20.24819],[-155.79771,20.24839],[-155.79812,20.25021],[-155.79893,20.25005],[-155.80026,20.25117],[-155.80032,20.25257],[-155.80076,20.2521],[-155.8015,20.25268],[-155.80296,20.25274],[-155.80429,20.25469],[-155.80634,20.25493],[-155.80687,20.25663],[-155.80847,20.25721],[-155.81102,20.25691],[-155.81221,20.25878],[-155.81355,20.25795],[-155.81392,20.25826],[-155.81456,20.25795],[-155.81488,20.25889],[-155.81628,20.25823],[-155.81728,20.2585],[-155.81732,20.2592],[-155.81827,20.26018],[-155.81985,20.25955],[-155.8229,20.25935],[-155.82574,20.25994],[-155.82712,20.26112],[-155.82785,20.26105],[-155.82928,20.2625],[-155.83008,20.26532],[-155.83146,20.26393],[-155.83195,20.26448],[-155.83337,20.26458],[-155.83546,20.26646],[-155.83574,20.2676],[-155.84418,20.26621],[-155.84509,20.26552],[-155.84616,20.26591],[-155.84727,20.26552],[-155.8492,20.26665],[-155.8497,20.26818],[-155.85035,20.26821]]]}},{"id":"4","type":"Feature","properties":{"objectid":5,"county":"KAUAI","state_senate":"S08","senate_name":"State Senate District 8","senate_id":8,"senate_abbr":"8TH SEN. DIST.","st_areashape":1616314208.8666182,"st_perimetershape":313113.1610765029,"GEOID":"15008","geoid":"15008","name":"State Senate District 8 (2024); Hawaii","below_poverty":6630,"total_population":72935,"median_income":97668,"bachelors_plus":10531,"pop_25_plus":53395,"renter_occupied":7422,"total_housing_units":23632,"b25070_007e":669,"b25070_008e":476,"b25070_009e":839,"b25070_010e":1468,"b25070_001e":7422,"median_rent":1870,"b25077_001e":873200,"b08303_001e":31811,"b08303_008e":5631,"b08303_009e":531,"b08303_010e":1047,"b08303_011e":2320,"b08303_012e":1103,"b08303_013e":258,"public_transit_workers":474,"b23025_003e":38228,"b23025_005e":1471,"state":15,"sldust":8,"NAME":"State Senate District 8 (2024); Hawaii","poverty_rate":9.09,"bachelors_rate":19.72,"college_educated_pct":19.72,"renter_rate":31.41,"rent_burden_households":3452,"rent_burden_rate":46.51,"severe_rent_burden_rate":19.78,"median_home_value":873200,"unemployment_rate":3.85,"public_transportation_pct":1.49,"travel_time_to_work_minutes":43.26,"high_school_or_higher_pct":93.07,"white_pct":51.12,"black_pct":1.65,"asian_pct":51.89,"nhpi_pct":27.43,"hispanic_pct":10.58,"vacancy_rate":22.44,"total_households":23632,"snap_households":2680,"NAME_tax":"State Senate District 08; Hawaii; Hawaii","state_tax":15,"district_x":8,"total_returns":53480.0,"eitc_returns":6680.0,"eitc_participation_rate":12.49065071054599,"federal_eitc_avg_amount":2052.694610778443,"federal_eitc_total_amount":13712000.0,"state_eitc_avg_amount":821.0778443113772,"state_eitc_total_amount":5484800.0,"ctc_returns":4620.0,"ctc_participation_rate":8.63874345549738,"ctc_avg_amount":1068.8311688311687,"ctc_total_amount":4938000.0,"total_population_tax":391874,"district_y":8,"alice_rate":46.0,"snap_household_rate":18.44,"snap_benefit_annual_per_household":8624.06,"snap_benefits_annual_total":37575012.0,"total_schools":20,"cep_schools":5,"cep_percentage":25.0,"cep_display":"5/20 CEP schools","geoid_str":"15008"},"geometry":{"type":"MultiPolygon","coordinates":[[[[-159.40181,22.2324],[-159.4023,22.23272],[-159.40303,22.23239],[-159.40222,22.23102],[-159.40343,22.23095],[-159.40419,22.23021],[-159.40485,22.22863],[-159.40439,22.22784],[-159.40469,22.22725],[-159.40822,22.22494],[-159.4124,22.22373],[-159.41402,22.22378],[-159.41446,22.22332],[-159.41487,22.22377],[-159.41506,22.2233],[-159.41564,22.22354],[-159.41592,22.22306],[-159.41843,22.22239],[-159.42075,22.22233],[-159.42256,22.22358],[-159.4234,22.22371],[-159.42364,22.2233],[-159.4238,22.22382],[-159.424,22.22329],[-159.42497,22.22351],[-159.42516,22.22144],[-159.42593,22.22037],[-159.42552,22.21756],[-159.42741,22.21638],[-159.42921,22.21643],[-159.42811,22.21451],[-159.42864,22.21264],[-159.43081,22.21021],[-159.43311,22.20979],[-159.43368,22.20868],[-159.4335,22.2098],[-159.43253,22.21041],[-159.4311,22.21037],[-159.42892,22.21301],[-159.42862,22.21436],[-159.42961,22.2161],[-159.42889,22.2173],[-159.4301,22.21789],[-159.4311,22.21748],[-159.43183,22.21796],[-159.43599,22.22356],[-159.43825,22.22386],[-159.43902,22.22292],[-159.44063,22.22319],[-159.44119,22.22286],[-159.44836,22.22422],[-159.449,22.22448],[-159.44936,22.22542],[-159.45331,22.22561],[-159.455,22.22646],[-159.46455,22.22299],[-159.46818,22.22566],[-159.47229,22.22613],[-159.47439,22.22843],[-159.47675,22.22975],[-159.47748,22.2289],[-159.47946,22.22935],[-159.48146,22.22851],[-159.48576,22.22957],[-159.48553,22.22919],[-159.48663,22.22924],[-159.48857,22.22813],[-159.48886,22.2267],[-159.48989,22.2266],[-159.49023,22.22571],[-159.49123,22.22613],[-159.49337,22.22397],[-159.49495,22.22386],[-159.49776,22.22208],[-159.49849,22.21992],[-159.49817,22.2188],[-159.4987,22.2167],[-159.49854,22.21527],[-159.49545,22.21427],[-159.49273,22.2149],[-159.49134,22.21423],[-159.49112,22.21302],[-159.49255,22.21057],[-159.49337,22.20732],[-159.49208,22.20527],[-159.49018,22.20451],[-159.48861,22.20447],[-159.48745,22.20511],[-159.48658,22.20572],[-159.48408,22.20861],[-159.48352,22.20894],[-159.48095,22.20943],[-159.47787,22.21093],[-159.47585,22.21103],[-159.47582,22.21087],[-159.47756,22.21085],[-159.4807,22.20942],[-159.48354,22.2088],[-159.48679,22.20543],[-159.48857,22.20433],[-159.49006,22.20426],[-159.492,22.20492],[-159.49344,22.2067],[-159.49331,22.20917],[-159.4917,22.21304],[-159.49183,22.21389],[-159.49311,22.21417],[-159.49508,22.21347],[-159.49708,22.21429],[-159.49742,22.20942],[-159.49872,22.2066],[-159.50229,22.20374],[-159.50607,22.20252],[-159.50908,22.20314],[-159.51015,22.20272],[-159.51359,22.20424],[-159.51401,22.204],[-159.51385,22.20452],[-159.51651,22.20706],[-159.51699,22.21005],[-159.5178,22.21122],[-159.51734,22.21405],[-159.51768,22.21431],[-159.51821,22.21391],[-159.5194,22.21503],[-159.52086,22.21484],[-159.52046,22.21446],[-159.52181,22.21408],[-159.52564,22.21514],[-159.52918,22.21542],[-159.53207,22.21639],[-159.53186,22.2177],[-159.53295,22.21739],[-159.53495,22.21531],[-159.53735,22.2141],[-159.53916,22.21255],[-159.54101,22.21356],[-159.5436,22.21283],[-159.54119,22.21405],[-159.53936,22.21322],[-159.53838,22.21356],[-159.5408,22.21425],[-159.54167,22.21497],[-159.54154,22.21645],[-159.54215,22.21777],[-159.54381,22.2192],[-159.54446,22.22174],[-159.54599,22.22329],[-159.54837,22.22426],[-159.55147,22.22502],[-159.55235,22.22437],[-159.55438,22.22448],[-159.55684,22.22605],[-159.55858,22.22626],[-159.56565,22.2206],[-159.56699,22.2207],[-159.56982,22.22269],[-159.57266,22.22357],[-159.57614,22.224],[-159.58032,22.22377],[-159.58224,22.22266],[-159.58377,22.22054],[-159.58561,22.2203],[-159.58566,22.21941],[-159.58708,22.21853],[-159.58958,22.21551],[-159.59603,22.21161],[-159.59829,22.20846],[-159.59945,22.2086],[-159.60516,22.20604],[-159.60605,22.20408],[-159.60918,22.20317],[-159.60967,22.20237],[-159.61486,22.20042],[-159.61521,22.19948],[-159.61589,22.20005],[-159.61709,22.1988],[-159.62024,22.19718],[-159.62321,22.197],[-159.62382,22.19537],[-159.62596,22.19584],[-159.62734,22.19431],[-159.63122,22.19237],[-159.63368,22.18986],[-159.63416,22.18867],[-159.63668,22.18691],[-159.63729,22.18532],[-159.64116,22.18238],[-159.64454,22.18044],[-159.64812,22.17985],[-159.65221,22.17833],[-159.65466,22.17543],[-159.65703,22.17355],[-159.66239,22.17116],[-159.66515,22.17055],[-159.66576,22.16946],[-159.66681,22.16939],[-159.66653,22.16825],[-159.6669,22.16784],[-159.66984,22.16678],[-159.67069,22.16816],[-159.6714,22.16845],[-159.67214,22.16805],[-159.67177,22.1666],[-159.67296,22.16559],[-159.67406,22.16707],[-159.67537,22.1672],[-159.67662,22.16702],[-159.67749,22.16622],[-159.67811,22.16675],[-159.6789,22.16659],[-159.68298,22.16497],[-159.68343,22.16436],[-159.68446,22.1645],[-159.686,22.16331],[-159.6878,22.16303],[-159.68904,22.16382],[-159.69026,22.16305],[-159.69387,22.16284],[-159.69442,22.16233],[-159.69553,22.1628],[-159.69712,22.16242],[-159.69722,22.16147],[-159.70367,22.15759],[-159.70493,22.15774],[-159.70571,22.15929],[-159.70644,22.15881],[-159.70691,22.15905],[-159.70772,22.15831],[-159.70749,22.15682],[-159.70927,22.15574],[-159.71345,22.15454],[-159.71804,22.15149],[-159.72158,22.15065],[-159.72288,22.14981],[-159.72665,22.1436],[-159.72863,22.14131],[-159.73055,22.13997],[-159.73245,22.13482],[-159.73301,22.12725],[-159.73449,22.12393],[-159.73745,22.11972],[-159.73813,22.11756],[-159.73875,22.11208],[-159.74088,22.10951],[-159.74117,22.10598],[-159.74365,22.10368],[-159.74472,22.09878],[-159.74564,22.09693],[-159.75096,22.09282],[-159.75366,22.08961],[-159.7578,22.08659],[-159.75892,22.085],[-159.76098,22.08392],[-159.76482,22.08082],[-159.76941,22.07554],[-159.77274,22.0726],[-159.77671,22.06975],[-159.77943,22.06909],[-159.78361,22.06521],[-159.78424,22.06287],[-159.78304,22.05789],[-159.78479,22.05072],[-159.78387,22.04782],[-159.78573,22.04239],[-159.78649,22.03592],[-159.7881,22.02861],[-159.78735,22.02191],[-159.78514,22.01484],[-159.77962,22.00931],[-159.77755,22.00778],[-159.77515,22.00685],[-159.77354,22.00506],[-159.77045,21.99967],[-159.76405,21.98478],[-159.76035,21.98032],[-159.75727,21.97824],[-159.74707,21.97508],[-159.73659,21.97283],[-159.73393,21.97156],[-159.71563,21.96716],[-159.71159,21.96423],[-159.71067,21.96276],[-159.70657,21.96061],[-159.70483,21.96015],[-159.70236,21.96032],[-159.69228,21.95939],[-159.69109,21.95887],[-159.69118,21.95798],[-159.69039,21.95848],[-159.68147,21.9575],[-159.67135,21.95473],[-159.6706,21.95441],[-159.67069,21.95368],[-159.67051,21.95436],[-159.66716,21.9527],[-159.66578,21.95135],[-159.66552,21.94905],[-159.66181,21.94602],[-159.66082,21.94277],[-159.65581,21.9415],[-159.65279,21.94141],[-159.64942,21.93882],[-159.65012,21.93472],[-159.64884,21.93165],[-159.64589,21.93077],[-159.64497,21.92804],[-159.64333,21.92653],[-159.64277,21.92511],[-159.64042,21.92426],[-159.64008,21.92302],[-159.63813,21.92198],[-159.63758,21.92009],[-159.63787,21.91895],[-159.63607,21.91681],[-159.63585,21.9154],[-159.63442,21.91362],[-159.63366,21.91306],[-159.63163,21.91312],[-159.63127,21.91277],[-159.63159,21.91156],[-159.62876,21.9111],[-159.62829,21.90873],[-159.62708,21.90937],[-159.62623,21.90927],[-159.62607,21.9075],[-159.62409,21.90768],[-159.62333,21.90663],[-159.62235,21.90716],[-159.62109,21.9067],[-159.62089,21.90558],[-159.61968,21.90523],[-159.61921,21.90402],[-159.61697,21.90209],[-159.6097,21.90064],[-159.60885,21.89972],[-159.60814,21.89981],[-159.60741,21.89867],[-159.60804,21.89844],[-159.6076,21.89697],[-159.60772,21.89524],[-159.6082,21.89469],[-159.60522,21.89317],[-159.60475,21.89226],[-159.60215,21.89238],[-159.60069,21.89322],[-159.59992,21.89296],[-159.59874,21.89451],[-159.59757,21.89506],[-159.59712,21.89615],[-159.59922,21.8991],[-159.59765,21.89975],[-159.5973,21.9026],[-159.59537,21.90347],[-159.59114,21.90395],[-159.58958,21.90265],[-159.59069,21.90177],[-159.59029,21.9008],[-159.58922,21.90095],[-159.59017,21.90087],[-159.59058,21.90165],[-159.5893,21.90223],[-159.58816,21.9005],[-159.58994,21.89976],[-159.58982,21.89935],[-159.5882,21.89987],[-159.58742,21.89959],[-159.59095,21.89685],[-159.58816,21.89863],[-159.58721,21.8984],[-159.58648,21.8988],[-159.58397,21.89798],[-159.58393,21.89657],[-159.58314,21.89622],[-159.58158,21.89597],[-159.58007,21.89636],[-159.57853,21.89534],[-159.57685,21.8961],[-159.57529,21.89753],[-159.57417,21.89647],[-159.57594,21.8949],[-159.57587,21.89361],[-159.57496,21.89263],[-159.56978,21.89421],[-159.56625,21.89211],[-159.562,21.89083],[-159.56133,21.88969],[-159.56043,21.89014],[-159.55894,21.88929],[-159.55619,21.8893],[-159.55526,21.88865],[-159.55445,21.88909],[-159.55175,21.88728],[-159.5494,21.88759],[-159.54798,21.88832],[-159.54641,21.88798],[-159.54571,21.88866],[-159.54435,21.88804],[-159.54351,21.88832],[-159.54339,21.88764],[-159.54217,21.88705],[-159.53959,21.88762],[-159.53902,21.88722],[-159.53757,21.88747],[-159.53695,21.88642],[-159.53518,21.88701],[-159.53179,21.88688],[-159.5311,21.88642],[-159.53095,21.88568],[-159.53022,21.88601],[-159.52936,21.88568],[-159.52895,21.88401],[-159.52816,21.88387],[-159.52819,21.88321],[-159.52728,21.88357],[-159.52658,21.88263],[-159.52602,21.88447],[-159.52551,21.88483],[-159.51893,21.88719],[-159.51794,21.88662],[-159.51644,21.88683],[-159.51615,21.88759],[-159.51276,21.88811],[-159.51104,21.8877],[-159.5093,21.8864],[-159.5084,21.88693],[-159.50582,21.88649],[-159.5053,21.88683],[-159.50141,21.88464],[-159.50051,21.8848],[-159.49997,21.88406],[-159.49856,21.88483],[-159.4982,21.88446],[-159.49735,21.88534],[-159.4966,21.88477],[-159.49509,21.88471],[-159.49476,21.88511],[-159.49416,21.88451],[-159.49283,21.88444],[-159.49259,21.88498],[-159.49171,21.8851],[-159.49186,21.88565],[-159.49134,21.88591],[-159.48896,21.88531],[-159.48801,21.88583],[-159.48719,21.88489],[-159.48737,21.88438],[-159.48876,21.88407],[-159.48791,21.88398],[-159.48839,21.88347],[-159.48467,21.88351],[-159.48267,21.88219],[-159.48249,21.88099],[-159.48197,21.8819],[-159.48022,21.8817],[-159.47957,21.88219],[-159.47602,21.88149],[-159.47528,21.88049],[-159.47422,21.88046],[-159.47407,21.88105],[-159.47344,21.88101],[-159.47119,21.87943],[-159.47132,21.87864],[-159.47086,21.8782],[-159.46905,21.87838],[-159.46916,21.87972],[-159.46905,21.87996],[-159.46751,21.87734],[-159.4668,21.8776],[-159.46529,21.87648],[-159.46474,21.87673],[-159.46181,21.87541],[-159.45949,21.87556],[-159.45731,21.87385],[-159.45562,21.87358],[-159.45522,21.87296],[-159.45556,21.87244],[-159.45512,21.87215],[-159.45445,21.87312],[-159.45337,21.87235],[-159.45127,21.87297],[-159.44874,21.87037],[-159.44757,21.8701],[-159.44711,21.87042],[-159.44631,21.86913],[-159.44443,21.86827],[-159.44344,21.86846],[-159.44245,21.8692],[-159.44251,21.86985],[-159.44118,21.87054],[-159.44106,21.87257],[-159.43952,21.8739],[-159.43658,21.87457],[-159.43583,21.8743],[-159.43577,21.87382],[-159.43507,21.87379],[-159.43351,21.87447],[-159.4304,21.87786],[-159.42916,21.88035],[-159.42704,21.88127],[-159.42159,21.88141],[-159.41898,21.88217],[-159.41797,21.88525],[-159.41837,21.88685],[-159.41732,21.88802],[-159.41027,21.88982],[-159.40725,21.89239],[-159.40633,21.8926],[-159.40624,21.89309],[-159.40572,21.89288],[-159.40442,21.89345],[-159.40555,21.89491],[-159.40349,21.89728],[-159.40381,21.8983],[-159.40348,21.89914],[-159.40229,21.89931],[-159.40046,21.90094],[-159.39939,21.90081],[-159.39725,21.90302],[-159.39382,21.90259],[-159.39113,21.90146],[-159.39051,21.90152],[-159.39,21.90246],[-159.38869,21.90247],[-159.38724,21.90332],[-159.38733,21.90418],[-159.39023,21.90691],[-159.39,21.90924],[-159.3886,21.91246],[-159.38653,21.91326],[-159.38611,21.91291],[-159.38632,21.91238],[-159.38527,21.91245],[-159.38402,21.91391],[-159.38486,21.91417],[-159.38504,21.91506],[-159.38268,21.9163],[-159.38203,21.91742],[-159.38205,21.91785],[-159.38288,21.91768],[-159.38347,21.91829],[-159.3832,21.91949],[-159.3808,21.92014],[-159.37877,21.92184],[-159.37574,21.92303],[-159.37496,21.92272],[-159.37384,21.92351],[-159.37222,21.9232],[-159.37184,21.9243],[-159.37081,21.92515],[-159.36834,21.92516],[-159.36652,21.92915],[-159.36235,21.93144],[-159.36062,21.93174],[-159.35675,21.93113],[-159.35492,21.93171],[-159.35439,21.93287],[-159.3552,21.93426],[-159.35469,21.93569],[-159.35405,21.93613],[-159.35249,21.93654],[-159.3479,21.93627],[-159.34627,21.93759],[-159.34735,21.93926],[-159.34982,21.94038],[-159.35047,21.94129],[-159.34972,21.94355],[-159.34775,21.94421],[-159.34889,21.94529],[-159.34831,21.94535],[-159.34784,21.9464],[-159.34816,21.94784],[-159.35057,21.94879],[-159.3486,21.95347],[-159.35139,21.94833],[-159.35243,21.94794],[-159.35825,21.94734],[-159.36049,21.94764],[-159.36229,21.94629],[-159.36452,21.94554],[-159.37243,21.94698],[-159.37346,21.94674],[-159.37534,21.94523],[-159.38499,21.94499],[-159.38903,21.94361],[-159.39087,21.94382],[-159.39481,21.94329],[-159.39171,21.94394],[-159.38824,21.9441],[-159.38483,21.94528],[-159.37488,21.9459],[-159.37421,21.94706],[-159.37221,21.9476],[-159.37487,21.94766],[-159.37457,21.94908],[-159.37159,21.95001],[-159.37014,21.94934],[-159.36954,21.94839],[-159.37146,21.94764],[-159.36882,21.94759],[-159.36638,21.94649],[-159.36407,21.94652],[-159.36313,21.94701],[-159.3619,21.94832],[-159.36226,21.95028],[-159.36101,21.95133],[-159.36099,21.9492],[-159.36061,21.94901],[-159.35775,21.94868],[-159.35713,21.94905],[-159.35703,21.9493],[-159.35775,21.94877],[-159.36089,21.94924],[-159.36083,21.95035],[-159.35804,21.95002],[-159.35785,21.94946],[-159.35792,21.95121],[-159.35867,21.95283],[-159.35923,21.95305],[-159.35864,21.95388],[-159.35366,21.95505],[-159.35289,21.95298],[-159.35253,21.953],[-159.35219,21.95966],[-159.35288,21.96088],[-159.35216,21.95977],[-159.35099,21.96033],[-159.34845,21.96005],[-159.34798,21.95627],[-159.34769,21.95674],[-159.34734,21.95631],[-159.34735,21.95679],[-159.34656,21.95642],[-159.34479,21.95666],[-159.34322,21.95809],[-159.34204,21.9585],[-159.3398,21.9585],[-159.33786,21.95773],[-159.33585,21.95451],[-159.3342,21.95663],[-159.33182,21.95792],[-159.32991,21.96119],[-159.33037,21.96329],[-159.3301,21.96657],[-159.33098,21.96882],[-159.33051,21.97044],[-159.33339,21.97859],[-159.33315,21.98233],[-159.33385,21.98452],[-159.33367,21.98627],[-159.33284,21.98794],[-159.3333,21.98908],[-159.33095,21.98958],[-159.33002,21.99073],[-159.32991,21.99163],[-159.3323,21.99399],[-159.33194,21.99296],[-159.33308,21.99216],[-159.33222,21.99257],[-159.3333,21.99131],[-159.33633,21.99086],[-159.33868,21.99149],[-159.34059,21.99098],[-159.34109,21.99134],[-159.34185,21.9924],[-159.34313,21.99301],[-159.34362,21.99365],[-159.34169,21.9924],[-159.34106,21.99133],[-159.34029,21.99111],[-159.34121,21.99363],[-159.3409,21.99493],[-159.3373,21.99529],[-159.33618,21.99485],[-159.33432,21.99719],[-159.33285,21.99783],[-159.33257,21.99875],[-159.3334,22.00226],[-159.33538,22.00412],[-159.3375,22.01574],[-159.33847,22.01761],[-159.33823,22.02031],[-159.33875,22.02503],[-159.33828,22.02834],[-159.33596,22.03416],[-159.33446,22.04129],[-159.33449,22.04272],[-159.33558,22.04371],[-159.33581,22.04512],[-159.33381,22.05012],[-159.33101,22.05139],[-159.32983,22.05093],[-159.32503,22.05423],[-159.32215,22.0552],[-159.31849,22.06061],[-159.31785,22.06498],[-159.31621,22.07011],[-159.31726,22.07248],[-159.31656,22.0756],[-159.3136,22.0788],[-159.31146,22.08291],[-159.30904,22.0853],[-159.30754,22.08571],[-159.30838,22.08623],[-159.30789,22.0874],[-159.30624,22.08825],[-159.30463,22.0902],[-159.30576,22.09061],[-159.30622,22.09287],[-159.3051,22.09769],[-159.30335,22.09959],[-159.30218,22.09947],[-159.30195,22.09857],[-159.30145,22.1006],[-159.29857,22.10254],[-159.29667,22.10487],[-159.29638,22.10677],[-159.2969,22.10701],[-159.2958,22.10807],[-159.29461,22.11041],[-159.29629,22.11268],[-159.29672,22.11483],[-159.29648,22.11622],[-159.29536,22.11746],[-159.29564,22.11891],[-159.29422,22.11989],[-159.29561,22.12054],[-159.2959,22.12165],[-159.2948,22.12248],[-159.29327,22.12219],[-159.29301,22.12297],[-159.29384,22.12311],[-159.29408,22.124],[-159.29387,22.12457],[-159.29297,22.12476],[-159.29243,22.12737],[-159.293,22.12942],[-159.29449,22.12982],[-159.29439,22.13229],[-159.29488,22.13313],[-159.29462,22.13375],[-159.29332,22.13431],[-159.29419,22.13525],[-159.29428,22.13677],[-159.29301,22.13831],[-159.29341,22.14029],[-159.2931,22.14132],[-159.29375,22.1425],[-159.29318,22.14331],[-159.29396,22.1436],[-159.29588,22.14799],[-159.29707,22.14786],[-159.29793,22.14626],[-159.30215,22.14632],[-159.30386,22.14695],[-159.30545,22.14842],[-159.30575,22.14947],[-159.30646,22.14958],[-159.30662,22.14841],[-159.30838,22.14694],[-159.31178,22.14516],[-159.31315,22.14531],[-159.31371,22.14384],[-159.31338,22.14333],[-159.31386,22.14353],[-159.31346,22.14536],[-159.31199,22.14537],[-159.30872,22.14715],[-159.30759,22.14805],[-159.30668,22.14975],[-159.30593,22.15007],[-159.30582,22.15526],[-159.305,22.15753],[-159.30524,22.15841],[-159.30726,22.15988],[-159.30952,22.16282],[-159.30864,22.1648],[-159.30899,22.1653],[-159.30852,22.1664],[-159.31047,22.17],[-159.31193,22.17191],[-159.31401,22.17206],[-159.31303,22.17575],[-159.31237,22.17602],[-159.31228,22.17703],[-159.31117,22.17752],[-159.31119,22.17847],[-159.31224,22.18197],[-159.31479,22.18544],[-159.31691,22.18655],[-159.31799,22.1879],[-159.32159,22.18895],[-159.32343,22.19122],[-159.32692,22.19393],[-159.33095,22.19856],[-159.33186,22.2005],[-159.33476,22.20197],[-159.33519,22.20393],[-159.34146,22.20818],[-159.34175,22.20878],[-159.34268,22.20886],[-159.34338,22.20997],[-159.34544,22.2107],[-159.34671,22.21177],[-159.34797,22.21186],[-159.34771,22.21329],[-159.34803,22.2136],[-159.34974,22.21322],[-159.3503,22.21485],[-159.35148,22.21405],[-159.35324,22.21467],[-159.35428,22.2144],[-159.35575,22.21253],[-159.35751,22.21158],[-159.3605,22.21183],[-159.3621,22.21121],[-159.36438,22.21146],[-159.36704,22.21252],[-159.36861,22.21399],[-159.37056,22.21456],[-159.37138,22.21531],[-159.37593,22.21691],[-159.38075,22.21551],[-159.38364,22.21619],[-159.38547,22.21849],[-159.38576,22.21955],[-159.3853,22.22005],[-159.3863,22.21933],[-159.38528,22.21682],[-159.38585,22.21523],[-159.38726,22.21443],[-159.39117,22.21426],[-159.39429,22.21078],[-159.39486,22.2093],[-159.39548,22.20924],[-159.39485,22.20951],[-159.3952,22.20973],[-159.39453,22.21157],[-159.39185,22.2145],[-159.38622,22.21582],[-159.38594,22.21694],[-159.38703,22.21748],[-159.38755,22.21898],[-159.3865,22.21997],[-159.38355,22.22088],[-159.38194,22.22432],[-159.38272,22.2249],[-159.38446,22.22312],[-159.38753,22.22206],[-159.39101,22.22341],[-159.39108,22.22398],[-159.39023,22.22456],[-159.39075,22.22537],[-159.39157,22.22478],[-159.39157,22.22384],[-159.39447,22.22427],[-159.39655,22.22645],[-159.39674,22.2288],[-159.3976,22.23017],[-159.39945,22.2302],[-159.40128,22.22929],[-159.40099,22.23175],[-159.40181,22.2324]]],[[[-160.08832,22.00266],[-160.09195,22.00237],[-160.09228,22.00046],[-160.09341,21.99843],[-160.09469,21.99793],[-160.09936,21.99391],[-160.10145,21.99423],[-160.10361,21.99527],[-160.10436,21.99511],[-160.10431,21.99442],[-160.10538,21.99387],[-160.1059,21.99269],[-160.10639,21.993],[-160.10655,21.99224],[-160.10716,21.99198],[-160.10798,21.99268],[-160.10918,21.99263],[-160.10967,21.99216],[-160.10996,21.9908],[-160.11065,21.9901],[-160.11041,21.98852],[-160.111,21.98792],[-160.11082,21.98665],[-160.10963,21.98585],[-160.10965,21.98481],[-160.11425,21.9817],[-160.11301,21.98012],[-160.11332,21.97695],[-160.11396,21.97672],[-160.11367,21.97626],[-160.11432,21.97551],[-160.11344,21.97532],[-160.11327,21.97292],[-160.11769,21.96626],[-160.11896,21.96299],[-160.11934,21.95926],[-160.1241,21.95246],[-160.13098,21.94717],[-160.13519,21.94464],[-160.13633,21.94451],[-160.14465,21.94054],[-160.15242,21.93777],[-160.15711,21.93753],[-160.16205,21.93594],[-160.16264,21.93229],[-160.1649,21.92897],[-160.17076,21.92636],[-160.17232,21.92618],[-160.17278,21.92562],[-160.1732,21.9259],[-160.17327,21.92551],[-160.17395,21.9257],[-160.17593,21.92497],[-160.17627,21.92551],[-160.17692,21.92427],[-160.17795,21.9239],[-160.18157,21.92292],[-160.18665,21.92253],[-160.18699,21.91953],[-160.18771,21.91832],[-160.19085,21.91506],[-160.19511,21.91321],[-160.1977,21.9101],[-160.19927,21.90928],[-160.20069,21.90642],[-160.20055,21.90579],[-160.20178,21.90509],[-160.20252,21.90382],[-160.20605,21.90043],[-160.20746,21.89985],[-160.20841,21.89831],[-160.2096,21.89775],[-160.21033,21.89605],[-160.21442,21.89282],[-160.21643,21.89187],[-160.21679,21.8911],[-160.22203,21.88776],[-160.22525,21.88714],[-160.22637,21.8841],[-160.22855,21.88244],[-160.22805,21.88023],[-160.22856,21.87936],[-160.22826,21.87782],[-160.22873,21.87585],[-160.22993,21.87383],[-160.23199,21.87286],[-160.23153,21.8705],[-160.23206,21.86953],[-160.23177,21.86881],[-160.23285,21.86782],[-160.23248,21.86754],[-160.23285,21.86563],[-160.23216,21.86489],[-160.23144,21.86245],[-160.23334,21.85653],[-160.23851,21.8503],[-160.23907,21.84859],[-160.24026,21.84703],[-160.24515,21.84398],[-160.24493,21.8427],[-160.24592,21.8408],[-160.24544,21.84021],[-160.23695,21.80369],[-160.23542,21.80254],[-160.23504,21.80112],[-160.23261,21.79716],[-160.2324,21.79505],[-160.23296,21.79191],[-160.23233,21.79152],[-160.23259,21.78959],[-160.23359,21.78938],[-160.23192,21.7887],[-160.2317,21.78818],[-160.23143,21.78849],[-160.23055,21.78787],[-160.22817,21.78771],[-160.22753,21.78783],[-160.22786,21.78823],[-160.22751,21.78884],[-160.22585,21.78996],[-160.22308,21.7908],[-160.2233,21.79027],[-160.22297,21.7906],[-160.22305,21.79013],[-160.22235,21.7901],[-160.22246,21.78964],[-160.22185,21.78942],[-160.22225,21.78908],[-160.2215,21.78861],[-160.22134,21.78776],[-160.21792,21.78698],[-160.21715,21.78514],[-160.21436,21.78223],[-160.21334,21.78264],[-160.21163,21.78199],[-160.21097,21.78258],[-160.20866,21.78281],[-160.20611,21.78236],[-160.2037,21.77931],[-160.20286,21.77923],[-160.20142,21.78154],[-160.20135,21.78255],[-160.19857,21.78475],[-160.19846,21.78529],[-160.1988,21.78599],[-160.20243,21.78699],[-160.20304,21.7885],[-160.20153,21.78959],[-160.20145,21.79257],[-160.20035,21.79367],[-160.20043,21.79496],[-160.19871,21.79804],[-160.19623,21.79962],[-160.1964,21.80025],[-160.19517,21.80067],[-160.19527,21.80146],[-160.19247,21.80397],[-160.19411,21.80663],[-160.19428,21.80764],[-160.19256,21.81042],[-160.19155,21.81072],[-160.19184,21.81154],[-160.19125,21.81188],[-160.19158,21.81256],[-160.19004,21.81524],[-160.19001,21.81652],[-160.1871,21.8196],[-160.1874,21.81992],[-160.18697,21.82019],[-160.18761,21.82073],[-160.18665,21.82267],[-160.18528,21.8243],[-160.1852,21.82507],[-160.18415,21.82571],[-160.18354,21.82747],[-160.18221,21.8286],[-160.18162,21.83071],[-160.17976,21.83251],[-160.17977,21.83323],[-160.1784,21.83532],[-160.17684,21.83663],[-160.17658,21.83774],[-160.17583,21.83827],[-160.1733,21.83853],[-160.17425,21.83939],[-160.17275,21.84199],[-160.17362,21.84277],[-160.17268,21.84432],[-160.173,21.84502],[-160.17255,21.84591],[-160.16979,21.84925],[-160.1672,21.85028],[-160.1668,21.85101],[-160.16773,21.85139],[-160.16781,21.85226],[-160.16701,21.85318],[-160.16669,21.85467],[-160.16422,21.85748],[-160.16186,21.86168],[-160.15934,21.86424],[-160.15571,21.86722],[-160.15171,21.86879],[-160.15124,21.86843],[-160.15107,21.86906],[-160.14976,21.86949],[-160.14944,21.87005],[-160.14704,21.87061],[-160.14693,21.87107],[-160.14542,21.87178],[-160.14497,21.87276],[-160.14079,21.87349],[-160.14013,21.87311],[-160.14008,21.87212],[-160.13859,21.87285],[-160.13689,21.87265],[-160.13642,21.87306],[-160.13576,21.8727],[-160.13287,21.87427],[-160.13113,21.87363],[-160.1303,21.8742],[-160.12859,21.87428],[-160.12762,21.87725],[-160.12644,21.87841],[-160.12658,21.87966],[-160.12443,21.87609],[-160.12313,21.87626],[-160.12203,21.87749],[-160.11977,21.87644],[-160.11764,21.87771],[-160.11567,21.87809],[-160.11463,21.87955],[-160.11335,21.87862],[-160.11161,21.88097],[-160.11079,21.88128],[-160.10989,21.88081],[-160.1095,21.87937],[-160.10818,21.87916],[-160.1074,21.87841],[-160.10627,21.87929],[-160.10624,21.87984],[-160.10537,21.87973],[-160.10378,21.88239],[-160.10259,21.88249],[-160.10105,21.88406],[-160.10012,21.88435],[-160.09919,21.88581],[-160.09855,21.88565],[-160.09844,21.88508],[-160.09769,21.88547],[-160.09728,21.88391],[-160.09629,21.88362],[-160.09028,21.88819],[-160.08929,21.89025],[-160.08804,21.89019],[-160.08733,21.88883],[-160.08683,21.88976],[-160.08518,21.88938],[-160.08501,21.88997],[-160.08405,21.89018],[-160.08334,21.89206],[-160.0826,21.89211],[-160.08256,21.8926],[-160.0803,21.89445],[-160.07871,21.89428],[-160.0778,21.8954],[-160.07351,21.89379],[-160.07298,21.89519],[-160.07391,21.89687],[-160.07294,21.90013],[-160.0799,21.9132],[-160.08046,21.91829],[-160.08259,21.9244],[-160.08093,21.9307],[-160.08096,21.93206],[-160.07915,21.93728],[-160.07915,21.93857],[-160.07823,21.94155],[-160.07667,21.94434],[-160.07528,21.95222],[-160.07243,21.95563],[-160.06993,21.9573],[-160.06901,21.96308],[-160.06744,21.96659],[-160.06764,21.96704],[-160.0639,21.96975],[-160.06326,21.97299],[-160.06104,21.97509],[-160.05867,21.97544],[-160.058,21.97516],[-160.05752,21.9738],[-160.05602,21.97456],[-160.05478,21.97446],[-160.05332,21.97502],[-160.05183,21.97643],[-160.04972,21.97741],[-160.04899,21.98076],[-160.05154,21.9862],[-160.05134,21.98762],[-160.0534,21.9894],[-160.05421,21.99189],[-160.05516,21.99295],[-160.0551,21.99365],[-160.056,21.9934],[-160.05725,21.99393],[-160.05771,21.99522],[-160.05879,21.99459],[-160.06062,21.99473],[-160.06057,21.99679],[-160.06234,21.99736],[-160.06446,21.99708],[-160.0662,21.99802],[-160.06702,21.99942],[-160.06996,22.00057],[-160.0713,21.99827],[-160.07472,21.99699],[-160.07973,21.99688],[-160.08171,21.99633],[-160.08515,21.99696],[-160.08672,21.99849],[-160.08639,22.00057],[-160.08684,22.00167],[-160.08732,22.00237],[-160.08832,22.00266]]]]}},{"id":"5","type":"Feature","properties":{"objectid":6,"county":"MAUI","state_senate":"S05","senate_name":"State Senate District 5","senate_id":5,"senate_abbr":"5TH SEN. DIST.","st_areashape":181949442.48054367,"st_perimetershape":98015.3268373144,"GEOID":"15005","geoid":"15005","name":"State Senate District 5 (2024); Hawaii","below_poverty":3952,"total_population":53810,"median_income":102758,"bachelors_plus":7658,"pop_25_plus":39486,"renter_occupied":5273,"total_housing_units":17010,"b25070_007e":539,"b25070_008e":297,"b25070_009e":385,"b25070_010e":1426,"b25070_001e":5273,"median_rent":1628,"b25077_001e":841500,"b08303_001e":25063,"b08303_008e":2770,"b08303_009e":376,"b08303_010e":549,"b08303_011e":2415,"b08303_012e":870,"b08303_013e":348,"public_transit_workers":483,"b23025_003e":27973,"b23025_005e":994,"state":15,"sldust":5,"NAME":"State Senate District 5 (2024); Hawaii","poverty_rate":7.34,"bachelors_rate":19.39,"college_educated_pct":19.39,"renter_rate":31.0,"rent_burden_households":2647,"rent_burden_rate":50.2,"severe_rent_burden_rate":27.04,"median_home_value":841500,"unemployment_rate":3.55,"public_transportation_pct":1.93,"travel_time_to_work_minutes":47.63,"high_school_or_higher_pct":91.52,"white_pct":31.35,"black_pct":2.7,"asian_pct":66.81,"nhpi_pct":30.18,"hispanic_pct":6.98,"vacancy_rate":8.01,"total_households":17010,"snap_households":1752,"NAME_tax":"State Senate District 05; Hawaii; Hawaii","state_tax":15,"district_x":5,"total_returns":54017.83615250872,"eitc_returns":6926.185644781768,"eitc_participation_rate":12.822034605805099,"federal_eitc_avg_amount":2239.450136059734,"federal_eitc_total_amount":15510847.384581512,"state_eitc_avg_amount":895.780054423894,"state_eitc_total_amount":6204338.953832605,"ctc_returns":5310.8428743261,"ctc_participation_rate":9.83164682741452,"ctc_avg_amount":1011.612201596844,"ctc_total_amount":5372513.452431937,"total_population_tax":386330,"district_y":5,"alice_rate":48.0,"snap_household_rate":15.65,"snap_benefit_annual_per_household":8878.57,"snap_benefits_annual_total":23631397.64,"total_schools":9,"cep_schools":2,"cep_percentage":22.22222222222222,"cep_display":"2/9 CEP schools","geoid_str":"15005"},"geometry":{"type":"MultiPolygon","coordinates":[[[[-156.57979,21.01654],[-156.58199,21.01746],[-156.58474,21.0197],[-156.58488,21.00717],[-156.58443,21.00632],[-156.58524,21.00388],[-156.58364,20.99946],[-156.58537,20.99443],[-156.58885,20.98849],[-156.58789,20.98483],[-156.58821,20.98325],[-156.58726,20.98239],[-156.58507,20.97858],[-156.58519,20.97297],[-156.58477,20.971],[-156.58315,20.96888],[-156.5834,20.96639],[-156.58282,20.96325],[-156.58321,20.96082],[-156.58148,20.95085],[-156.5801,20.95018],[-156.57965,20.94845],[-156.57883,20.94798],[-156.57828,20.94583],[-156.57906,20.9424],[-156.57881,20.9416],[-156.57974,20.93879],[-156.57873,20.93586],[-156.57824,20.9319],[-156.57766,20.93176],[-156.57804,20.93123],[-156.57774,20.93012],[-156.57905,20.92896],[-156.57854,20.92772],[-156.57895,20.92652],[-156.57499,20.92111],[-156.57511,20.91986],[-156.57433,20.91853],[-156.57204,20.91806],[-156.5716,20.91732],[-156.57284,20.9162],[-156.57323,20.91513],[-156.57278,20.91245],[-156.57318,20.91157],[-156.57488,20.90958],[-156.57692,20.90966],[-156.57942,20.90629],[-156.5806,20.9058],[-156.58179,20.90443],[-156.58301,20.90197],[-156.583,20.90045],[-156.58142,20.89778],[-156.57619,20.89478],[-156.5748,20.89297],[-156.57773,20.89179],[-156.58395,20.89128],[-156.58592,20.89151],[-156.58725,20.89098],[-156.58933,20.88682],[-156.58882,20.88593],[-156.58944,20.88268],[-156.58938,20.87826],[-156.59393,20.87246],[-156.59087,20.87081],[-156.58847,20.87144],[-156.58698,20.86986],[-156.58499,20.86961],[-156.58294,20.86831],[-156.58204,20.8685],[-156.57908,20.86457],[-156.57499,20.86488],[-156.57107,20.86311],[-156.56771,20.85985],[-156.56744,20.85804],[-156.56567,20.85622],[-156.56374,20.85776],[-156.56098,20.85808],[-156.55933,20.85922],[-156.55104,20.85789],[-156.55001,20.85713],[-156.54766,20.85651],[-156.5454,20.85657],[-156.54296,20.85534],[-156.54021,20.85563],[-156.5387,20.85526],[-156.53772,20.85601],[-156.53643,20.85574],[-156.53591,20.8565],[-156.53245,20.85719],[-156.53097,20.85594],[-156.52676,20.85592],[-156.52454,20.85506],[-156.51335,20.85553],[-156.50815,20.85076],[-156.50484,20.8499],[-156.50366,20.85409],[-156.50252,20.86513],[-156.50325,20.87126],[-156.50015,20.87119],[-156.49748,20.87033],[-156.49479,20.86807],[-156.49339,20.86799],[-156.49208,20.86869],[-156.48948,20.86737],[-156.48571,20.86727],[-156.4823,20.86415],[-156.4779,20.8634],[-156.47582,20.86194],[-156.48078,20.85596],[-156.48602,20.84671],[-156.48574,20.84659],[-156.48445,20.84708],[-156.4829,20.84949],[-156.48206,20.84837],[-156.47765,20.84774],[-156.47083,20.84589],[-156.46278,20.8454],[-156.46095,20.84478],[-156.449,20.84662],[-156.44232,20.84711],[-156.43693,20.84733],[-156.4319,20.84674],[-156.41862,20.83195],[-156.41149,20.82935],[-156.40533,20.83128],[-156.40147,20.83708],[-156.39916,20.83688],[-156.39849,20.83978],[-156.39456,20.84582],[-156.39698,20.84827],[-156.39705,20.84982],[-156.39575,20.84993],[-156.39508,20.85058],[-156.39221,20.8516],[-156.39076,20.85463],[-156.38877,20.85505],[-156.38722,20.85347],[-156.38633,20.85461],[-156.38631,20.85602],[-156.38465,20.85712],[-156.38316,20.8573],[-156.38199,20.85917],[-156.38314,20.86014],[-156.38268,20.86344],[-156.38178,20.86431],[-156.38226,20.86518],[-156.38062,20.8672],[-156.39677,20.87322],[-156.39906,20.87462],[-156.40418,20.87897],[-156.4066,20.88034],[-156.41473,20.88217],[-156.42498,20.8858],[-156.42944,20.88643],[-156.43116,20.88733],[-156.43177,20.88666],[-156.43286,20.88657],[-156.43522,20.88759],[-156.43867,20.88314],[-156.43965,20.88292],[-156.44209,20.88477],[-156.44123,20.88724],[-156.44286,20.8884],[-156.44379,20.88849],[-156.44312,20.89035],[-156.44418,20.89174],[-156.44249,20.89261],[-156.44689,20.89734],[-156.44695,20.89908],[-156.44783,20.89775],[-156.45151,20.89676],[-156.45897,20.89755],[-156.46262,20.89717],[-156.46378,20.89791],[-156.46799,20.89866],[-156.47164,20.90076],[-156.46912,20.89912],[-156.46896,20.89841],[-156.46509,20.89617],[-156.46522,20.89523],[-156.46622,20.89414],[-156.46839,20.89548],[-156.46913,20.89503],[-156.46758,20.8941],[-156.46929,20.89231],[-156.47194,20.89132],[-156.47339,20.89111],[-156.47604,20.89291],[-156.47789,20.8944],[-156.47873,20.89587],[-156.47722,20.89669],[-156.47557,20.89962],[-156.47403,20.90004],[-156.47396,20.90043],[-156.47968,20.89816],[-156.48086,20.90099],[-156.48121,20.90521],[-156.4836,20.90922],[-156.48539,20.91092],[-156.48694,20.90992],[-156.48884,20.91065],[-156.49153,20.91475],[-156.49193,20.91625],[-156.49135,20.91813],[-156.49219,20.91927],[-156.49303,20.9248],[-156.49546,20.9279],[-156.49666,20.93126],[-156.4979,20.93225],[-156.50486,20.93465],[-156.50728,20.93686],[-156.50771,20.93757],[-156.50779,20.93977],[-156.50881,20.94087],[-156.50838,20.94333],[-156.50882,20.94473],[-156.50861,20.94794],[-156.51139,20.94916],[-156.51204,20.9503],[-156.51435,20.95144],[-156.51587,20.95158],[-156.51589,20.95238],[-156.51457,20.95299],[-156.51615,20.95327],[-156.51609,20.95452],[-156.51563,20.95498],[-156.51626,20.9548],[-156.51714,20.95538],[-156.51685,20.95586],[-156.51737,20.95571],[-156.51778,20.95693],[-156.51743,20.9572],[-156.51968,20.95835],[-156.51981,20.95898],[-156.51917,20.95984],[-156.51941,20.96036],[-156.52056,20.96074],[-156.52118,20.96162],[-156.52095,20.96193],[-156.52365,20.96304],[-156.52538,20.96457],[-156.52507,20.96659],[-156.52614,20.96849],[-156.52686,20.97148],[-156.52558,20.97265],[-156.52645,20.97278],[-156.52689,20.97533],[-156.52623,20.97587],[-156.52612,20.97734],[-156.52466,20.97754],[-156.52402,20.97855],[-156.52468,20.97926],[-156.52664,20.97961],[-156.52711,20.98023],[-156.52687,20.98078],[-156.526,20.98057],[-156.52499,20.98116],[-156.52524,20.98163],[-156.52633,20.9811],[-156.52671,20.98159],[-156.52628,20.98253],[-156.52691,20.98272],[-156.52623,20.98354],[-156.52666,20.98408],[-156.52591,20.98433],[-156.52575,20.98519],[-156.5273,20.98572],[-156.52947,20.98455],[-156.5317,20.98448],[-156.53558,20.98482],[-156.53631,20.98571],[-156.53613,20.98633],[-156.53719,20.98582],[-156.53739,20.98892],[-156.53948,20.98935],[-156.54023,20.99051],[-156.54032,20.99162],[-156.53969,20.99197],[-156.5411,20.99219],[-156.54127,20.99389],[-156.54166,20.99454],[-156.542,20.99436],[-156.54247,20.99548],[-156.54224,20.9987],[-156.54366,20.99934],[-156.54357,21.00051],[-156.54413,21.00096],[-156.54345,21.00186],[-156.54609,21.00223],[-156.54709,21.00162],[-156.54784,20.99965],[-156.54906,20.999],[-156.54931,20.99814],[-156.55097,20.99809],[-156.55263,20.9996],[-156.55358,21.00294],[-156.55431,21.00328],[-156.55422,21.0045],[-156.55478,21.00453],[-156.55434,21.00523],[-156.55554,21.00593],[-156.555,21.00666],[-156.55515,21.00774],[-156.55454,21.00832],[-156.55497,21.00902],[-156.55554,21.00866],[-156.55584,21.00895],[-156.55593,21.01025],[-156.55636,21.0099],[-156.55749,21.01014],[-156.55742,21.01195],[-156.55807,21.01188],[-156.55837,21.01126],[-156.55898,21.01251],[-156.56013,21.01299],[-156.562,21.01178],[-156.56478,21.01224],[-156.56571,21.01187],[-156.56763,21.01335],[-156.56902,21.01581],[-156.57241,21.01804],[-156.57665,21.0176],[-156.57767,21.01681],[-156.57979,21.01654]]],[[[-156.52636,20.98571],[-156.52474,20.98675],[-156.5248,20.98825],[-156.52515,20.98825],[-156.5252,20.9874],[-156.52639,20.98701],[-156.52636,20.98571]]]]}},{"id":"6","type":"Feature","properties":{"objectid":7,"county":"MAUI","state_senate":"S06","senate_name":"State Senate District 6","senate_id":6,"senate_abbr":"6TH SEN. DIST.","st_areashape":430098789.4200972,"st_perimetershape":184134.6286213575,"GEOID":"15006","geoid":"15006","name":"State Senate District 6 (2024); Hawaii","below_poverty":4472,"total_population":53886,"median_income":94701,"bachelors_plus":8883,"pop_25_plus":40200,"renter_occupied":7163,"total_housing_units":19775,"b25070_007e":706,"b25070_008e":362,"b25070_009e":684,"b25070_010e":2208,"b25070_001e":7163,"median_rent":2153,"b25077_001e":976300,"b08303_001e":24055,"b08303_008e":3071,"b08303_009e":275,"b08303_010e":627,"b08303_011e":1135,"b08303_012e":915,"b08303_013e":198,"public_transit_workers":402,"b23025_003e":30011,"b23025_005e":1759,"state":15,"sldust":6,"NAME":"State Senate District 6 (2024); Hawaii","poverty_rate":8.3,"bachelors_rate":22.1,"college_educated_pct":22.1,"renter_rate":36.22,"rent_burden_households":3960,"rent_burden_rate":55.28,"severe_rent_burden_rate":30.83,"median_home_value":976300,"unemployment_rate":5.86,"public_transportation_pct":1.67,"travel_time_to_work_minutes":45.13,"high_school_or_higher_pct":94.49,"white_pct":63.32,"black_pct":2.15,"asian_pct":39.38,"nhpi_pct":17.83,"hispanic_pct":12.3,"vacancy_rate":37.88,"total_households":19775,"snap_households":1669,"NAME_tax":"State Senate District 06; Hawaii; Hawaii","state_tax":15,"district_x":6,"total_returns":52226.00922438498,"eitc_returns":5920.775365825219,"eitc_participation_rate":11.3368328420176,"federal_eitc_avg_amount":1944.3141090698732,"federal_eitc_total_amount":11511847.080407312,"state_eitc_avg_amount":777.7256436279494,"state_eitc_total_amount":4604738.832162925,"ctc_returns":3958.6901951986297,"ctc_participation_rate":7.57992091295053,"ctc_avg_amount":1074.0959499692951,"ctc_total_amount":4252013.105846006,"total_population_tax":383670,"district_y":6,"alice_rate":49.0,"snap_household_rate":12.82,"snap_benefit_annual_per_household":8878.57,"snap_benefits_annual_total":22511873.67,"total_schools":10,"cep_schools":0,"cep_percentage":0.0,"cep_display":"0/10 CEP schools","geoid_str":"15006"},"geometry":{"type":"Polygon","coordinates":[[[-156.60162,21.03132],[-156.60331,21.03124],[-156.60451,21.03009],[-156.60422,21.0293],[-156.60484,21.02918],[-156.60434,21.02832],[-156.60566,21.02786],[-156.60718,21.02598],[-156.60758,21.02602],[-156.60806,21.02476],[-156.6092,21.024],[-156.60898,21.02163],[-156.60992,21.02116],[-156.61265,21.0232],[-156.6166,21.0248],[-156.6169,21.02433],[-156.61872,21.02436],[-156.61901,21.02381],[-156.62056,21.0237],[-156.62119,21.02266],[-156.62459,21.02225],[-156.62783,21.02269],[-156.62997,21.02394],[-156.63039,21.02544],[-156.6312,21.02441],[-156.63174,21.02497],[-156.63264,21.02462],[-156.63288,21.02533],[-156.63465,21.02536],[-156.63735,21.02412],[-156.6392,21.02515],[-156.6397,21.02442],[-156.64011,21.02455],[-156.6402,21.02382],[-156.64126,21.02393],[-156.64085,21.02249],[-156.6413,21.0223],[-156.641,21.01999],[-156.64142,21.01922],[-156.64022,21.01796],[-156.64011,21.01692],[-156.63904,21.01638],[-156.63799,21.01488],[-156.63776,21.01377],[-156.63821,21.01314],[-156.6408,21.01343],[-156.64164,21.01406],[-156.64107,21.01319],[-156.64173,21.01158],[-156.64234,21.01123],[-156.64368,21.0118],[-156.64376,21.01128],[-156.64439,21.01146],[-156.6453,21.01222],[-156.64535,21.01159],[-156.64679,21.01116],[-156.6459,21.01015],[-156.64654,21.00882],[-156.64714,21.0088],[-156.64977,21.00556],[-156.65258,21.00472],[-156.65397,21.00485],[-156.65668,21.00867],[-156.65701,21.00837],[-156.65653,21.00771],[-156.65637,21.00542],[-156.65812,21.00447],[-156.66088,21.0042],[-156.66174,21.00456],[-156.66279,21.00394],[-156.66421,21.00466],[-156.6653,21.00599],[-156.66697,21.00675],[-156.66609,21.00485],[-156.66669,21.00465],[-156.66717,21.00367],[-156.66646,21.00185],[-156.66697,21.00131],[-156.66847,21.00222],[-156.66651,21.0],[-156.66692,20.99896],[-156.66842,20.99893],[-156.66776,20.9977],[-156.66631,20.9968],[-156.6665,20.99592],[-156.66743,20.99457],[-156.66848,20.99448],[-156.66954,20.99351],[-156.66999,20.99105],[-156.66958,20.9903],[-156.66982,20.98854],[-156.67062,20.98897],[-156.67062,20.98836],[-156.67123,20.98879],[-156.67161,20.98799],[-156.67247,20.98786],[-156.67311,20.98712],[-156.67233,20.9859],[-156.67295,20.98424],[-156.67478,20.9842],[-156.67481,20.9834],[-156.67364,20.98249],[-156.67376,20.9817],[-156.67606,20.97998],[-156.67606,20.9787],[-156.67813,20.97739],[-156.67835,20.97596],[-156.6805,20.97211],[-156.68096,20.9688],[-156.68197,20.96699],[-156.6834,20.96599],[-156.68428,20.96353],[-156.68435,20.96114],[-156.68708,20.9547],[-156.69205,20.9484],[-156.6934,20.93174],[-156.69441,20.92921],[-156.69479,20.92882],[-156.69557,20.92897],[-156.69715,20.92732],[-156.69691,20.92646],[-156.69581,20.92659],[-156.69529,20.92476],[-156.69717,20.91688],[-156.69463,20.91311],[-156.69036,20.91072],[-156.68882,20.90927],[-156.68506,20.90199],[-156.68549,20.89652],[-156.68508,20.89498],[-156.68571,20.89114],[-156.6852,20.88782],[-156.68645,20.88535],[-156.68694,20.88523],[-156.68714,20.88591],[-156.68732,20.88554],[-156.68765,20.88589],[-156.68682,20.88484],[-156.68775,20.88345],[-156.6878,20.88231],[-156.68255,20.87815],[-156.67895,20.87385],[-156.67838,20.87312],[-156.67892,20.87268],[-156.67892,20.87184],[-156.67753,20.86987],[-156.67797,20.86962],[-156.67909,20.8716],[-156.67942,20.87122],[-156.67804,20.86949],[-156.67756,20.86966],[-156.67251,20.86329],[-156.67045,20.86146],[-156.66953,20.85888],[-156.66704,20.8576],[-156.65725,20.84889],[-156.65458,20.84559],[-156.65324,20.84273],[-156.65185,20.84164],[-156.65139,20.84018],[-156.64795,20.83518],[-156.64657,20.83409],[-156.64039,20.83218],[-156.64042,20.8318],[-156.63601,20.82858],[-156.63271,20.82534],[-156.62993,20.82121],[-156.62899,20.81879],[-156.62847,20.81531],[-156.62697,20.81262],[-156.6233,20.80938],[-156.6236,20.80833],[-156.62275,20.80924],[-156.6209,20.80911],[-156.61807,20.80738],[-156.61347,20.80983],[-156.61163,20.81016],[-156.60984,20.81019],[-156.60503,20.80885],[-156.59991,20.80611],[-156.59046,20.79842],[-156.58533,20.79555],[-156.58197,20.79428],[-156.56704,20.79255],[-156.56458,20.7915],[-156.56281,20.78998],[-156.56144,20.79003],[-156.56069,20.78873],[-156.5598,20.78866],[-156.55895,20.78776],[-156.55761,20.78808],[-156.5573,20.7868],[-156.55584,20.78712],[-156.55579,20.78584],[-156.55289,20.78493],[-156.55255,20.78414],[-156.55181,20.78388],[-156.55089,20.78452],[-156.55045,20.78332],[-156.54951,20.78331],[-156.5485,20.78179],[-156.54734,20.78187],[-156.54722,20.78095],[-156.54567,20.7803],[-156.5445,20.78058],[-156.54372,20.78021],[-156.54349,20.77953],[-156.54204,20.77881],[-156.54111,20.77727],[-156.53934,20.77599],[-156.53906,20.77524],[-156.53665,20.77402],[-156.5349,20.77526],[-156.53252,20.7756],[-156.53141,20.77536],[-156.53082,20.7744],[-156.53032,20.77517],[-156.52927,20.77558],[-156.52869,20.77674],[-156.52586,20.77675],[-156.52494,20.77797],[-156.52353,20.77683],[-156.52243,20.77686],[-156.52254,20.77849],[-156.52155,20.77961],[-156.5187,20.78126],[-156.5167,20.78407],[-156.51659,20.7849],[-156.51537,20.7856],[-156.51506,20.78647],[-156.51563,20.78731],[-156.51521,20.7883],[-156.5142,20.78898],[-156.51396,20.78997],[-156.51088,20.79029],[-156.5136,20.79027],[-156.51359,20.79091],[-156.51016,20.79234],[-156.50908,20.79215],[-156.5062,20.79513],[-156.50332,20.79615],[-156.49889,20.79664],[-156.4945,20.79659],[-156.48999,20.79541],[-156.48666,20.79511],[-156.48371,20.79403],[-156.47603,20.79014],[-156.47278,20.78903],[-156.46323,20.78132],[-156.46125,20.77843],[-156.46073,20.77362],[-156.4594,20.76968],[-156.45949,20.76272],[-156.4591,20.76222],[-156.45998,20.76044],[-156.45969,20.7552],[-156.46027,20.75238],[-156.45763,20.74664],[-156.45758,20.74563],[-156.45811,20.74536],[-156.45674,20.73988],[-156.45659,20.73627],[-156.45473,20.73195],[-156.45282,20.72977],[-156.45021,20.72812],[-156.45067,20.72753],[-156.45017,20.72563],[-156.44856,20.72326],[-156.44692,20.71661],[-156.44651,20.71034],[-156.44595,20.70818],[-156.4473,20.70609],[-156.44716,20.70459],[-156.44626,20.70309],[-156.44513,20.69885],[-156.44493,20.69487],[-156.44429,20.69298],[-156.44458,20.69154],[-156.44383,20.69004],[-156.44484,20.68607],[-156.4436,20.68483],[-156.44333,20.68334],[-156.44373,20.68127],[-156.44518,20.67957],[-156.44447,20.67903],[-156.4446,20.67737],[-156.4437,20.67638],[-156.44441,20.67286],[-156.44321,20.67046],[-156.443,20.66848],[-156.44391,20.66721],[-156.44278,20.66628],[-156.44152,20.66224],[-156.44155,20.66066],[-156.44234,20.65958],[-156.44179,20.65875],[-156.44174,20.65748],[-156.44216,20.65677],[-156.44289,20.65681],[-156.4428,20.6563],[-156.4436,20.65631],[-156.44302,20.65601],[-156.44384,20.65542],[-156.44289,20.65422],[-156.44115,20.654],[-156.44123,20.65088],[-156.44217,20.651],[-156.44206,20.64961],[-156.44312,20.64976],[-156.44269,20.64933],[-156.44266,20.64797],[-156.44345,20.64584],[-156.44528,20.6447],[-156.44666,20.64464],[-156.44598,20.64292],[-156.44695,20.64037],[-156.44808,20.63928],[-156.45079,20.63911],[-156.45082,20.63846],[-156.45308,20.63698],[-156.45293,20.63605],[-156.45163,20.63462],[-156.4524,20.63346],[-156.44979,20.63347],[-156.44596,20.63071],[-156.44446,20.62884],[-156.44393,20.62689],[-156.44275,20.62582],[-156.44304,20.62541],[-156.44214,20.62547],[-156.44213,20.6246],[-156.44076,20.62416],[-156.43937,20.62211],[-156.43915,20.62006],[-156.4381,20.61808],[-156.4373,20.61816],[-156.43762,20.61611],[-156.43817,20.61559],[-156.43692,20.61401],[-156.43677,20.61265],[-156.43764,20.61126],[-156.43907,20.61114],[-156.44036,20.61012],[-156.44016,20.60862],[-156.44054,20.60843],[-156.43982,20.60805],[-156.43997,20.60692],[-156.44112,20.60599],[-156.44132,20.60495],[-156.44112,20.60443],[-156.43753,20.60335],[-156.43681,20.60159],[-156.43728,20.60066],[-156.43637,20.59903],[-156.43221,20.59653],[-156.43204,20.59705],[-156.43126,20.59639],[-156.43021,20.59683],[-156.43053,20.59582],[-156.4291,20.59551],[-156.42845,20.59471],[-156.42818,20.59517],[-156.42763,20.59489],[-156.42713,20.59563],[-156.42656,20.59561],[-156.42621,20.59391],[-156.42543,20.59535],[-156.4236,20.59656],[-156.42333,20.59633],[-156.4236,20.59785],[-156.42337,20.59703],[-156.42305,20.5972],[-156.42314,20.59628],[-156.42265,20.59605],[-156.42221,20.59643],[-156.42264,20.59709],[-156.42157,20.59783],[-156.42185,20.59881],[-156.42255,20.59893],[-156.42125,20.59871],[-156.42174,20.6004],[-156.42067,20.59987],[-156.42041,20.59892],[-156.41965,20.59892],[-156.41878,20.59754],[-156.41759,20.59767],[-156.41716,20.59709],[-156.41728,20.59969],[-156.42,20.60413],[-156.42154,20.60309],[-156.4232,20.6054],[-156.42058,20.60844],[-156.41986,20.61502],[-156.41609,20.62478],[-156.41743,20.6357],[-156.42248,20.63616],[-156.42292,20.63702],[-156.42574,20.63887],[-156.4268,20.64382],[-156.41418,20.64468],[-156.41305,20.6485],[-156.41204,20.6483],[-156.41445,20.71437],[-156.4106,20.71198],[-156.40688,20.71181],[-156.40494,20.71097],[-156.40242,20.71092],[-156.39776,20.70993],[-156.39799,20.71081],[-156.39898,20.71166],[-156.39867,20.71246],[-156.40008,20.71458],[-156.40078,20.71702],[-156.4024,20.71864],[-156.40492,20.72036],[-156.40786,20.72138],[-156.40795,20.72188],[-156.40875,20.72198],[-156.41013,20.72318],[-156.41567,20.72539],[-156.40184,20.75726],[-156.40805,20.75962],[-156.41417,20.76328],[-156.41611,20.76239],[-156.41657,20.76409],[-156.41972,20.76538],[-156.42567,20.76597],[-156.42449,20.76755],[-156.42158,20.76915],[-156.42149,20.77624],[-156.42431,20.77872],[-156.42244,20.7794],[-156.41539,20.78002],[-156.41334,20.77916],[-156.41196,20.78001],[-156.40993,20.77931],[-156.4082,20.77977],[-156.40773,20.78052],[-156.40539,20.79698],[-156.40325,20.80184],[-156.40216,20.80733],[-156.40284,20.8092],[-156.40551,20.81132],[-156.40605,20.81243],[-156.40481,20.82286],[-156.40607,20.82318],[-156.40582,20.82381],[-156.40647,20.8256],[-156.40533,20.83128],[-156.41131,20.82935],[-156.41846,20.83184],[-156.4319,20.84674],[-156.43693,20.84733],[-156.44232,20.84711],[-156.449,20.84662],[-156.46095,20.84478],[-156.46278,20.8454],[-156.47083,20.84589],[-156.47765,20.84774],[-156.48206,20.84837],[-156.4829,20.84949],[-156.48445,20.84708],[-156.48516,20.84651],[-156.48602,20.84671],[-156.48052,20.85635],[-156.47582,20.86194],[-156.4779,20.8634],[-156.4823,20.86415],[-156.48571,20.86727],[-156.48948,20.86737],[-156.49208,20.86869],[-156.49339,20.86799],[-156.49479,20.86807],[-156.49719,20.87013],[-156.49888,20.87092],[-156.50325,20.87126],[-156.50252,20.86513],[-156.50366,20.85409],[-156.50484,20.8499],[-156.50815,20.85076],[-156.51335,20.85553],[-156.52454,20.85506],[-156.52676,20.85592],[-156.53097,20.85594],[-156.53245,20.85719],[-156.53591,20.8565],[-156.53643,20.85574],[-156.53772,20.85601],[-156.5387,20.85526],[-156.54021,20.85563],[-156.54296,20.85534],[-156.5454,20.85657],[-156.54766,20.85651],[-156.55001,20.85713],[-156.55104,20.85789],[-156.55933,20.85922],[-156.56098,20.85808],[-156.56374,20.85776],[-156.56567,20.85622],[-156.56744,20.85804],[-156.56771,20.85985],[-156.57107,20.86311],[-156.57499,20.86488],[-156.57908,20.86457],[-156.58204,20.8685],[-156.58294,20.86831],[-156.58499,20.86961],[-156.58698,20.86986],[-156.58847,20.87144],[-156.59087,20.87081],[-156.59393,20.87246],[-156.58938,20.87826],[-156.58944,20.88268],[-156.58882,20.88593],[-156.58933,20.88682],[-156.58725,20.89098],[-156.58592,20.89151],[-156.58395,20.89128],[-156.57773,20.89179],[-156.5748,20.89297],[-156.57619,20.89478],[-156.58142,20.89778],[-156.583,20.90045],[-156.58301,20.90197],[-156.58179,20.90443],[-156.5806,20.9058],[-156.57942,20.90629],[-156.57692,20.90966],[-156.57488,20.90958],[-156.57318,20.91157],[-156.57278,20.91245],[-156.57323,20.91513],[-156.57284,20.9162],[-156.5716,20.91732],[-156.57204,20.91806],[-156.57433,20.91853],[-156.57511,20.91986],[-156.57499,20.92111],[-156.57895,20.92652],[-156.57854,20.92772],[-156.57905,20.92896],[-156.57774,20.93012],[-156.57804,20.93123],[-156.57766,20.93176],[-156.57824,20.9319],[-156.57873,20.93586],[-156.57974,20.93879],[-156.57881,20.9416],[-156.57906,20.9424],[-156.57828,20.94583],[-156.57883,20.94798],[-156.57965,20.94845],[-156.5801,20.95018],[-156.58148,20.95085],[-156.58321,20.96082],[-156.58282,20.96325],[-156.5834,20.96639],[-156.58315,20.96888],[-156.58477,20.971],[-156.58519,20.97297],[-156.58507,20.97858],[-156.58726,20.98239],[-156.58821,20.98325],[-156.58789,20.98483],[-156.58885,20.98849],[-156.58537,20.99443],[-156.58364,20.99946],[-156.58524,21.00388],[-156.58443,21.00632],[-156.58488,21.00717],[-156.58474,21.0197],[-156.58543,21.02076],[-156.58438,21.0214],[-156.58726,21.0222],[-156.58777,21.02374],[-156.58852,21.02447],[-156.58886,21.02606],[-156.58815,21.02683],[-156.58855,21.02855],[-156.58805,21.02996],[-156.58859,21.03085],[-156.58936,21.02958],[-156.59138,21.02956],[-156.59178,21.02889],[-156.59335,21.02949],[-156.59318,21.03081],[-156.59399,21.03022],[-156.59652,21.03097],[-156.59734,21.03047],[-156.59924,21.03053],[-156.60162,21.03132]]]}},{"id":"7","type":"Feature","properties":{"objectid":8,"county":"MAUI","state_senate":"S07","senate_name":"State Senate District 7","senate_id":7,"senate_abbr":"7TH SEN. DIST.","st_areashape":2434576497.2830925,"st_perimetershape":572615.3035167584,"GEOID":"15007","geoid":"15007","name":"State Senate District 7 (2024); Hawaii","below_poverty":6523,"total_population":55144,"median_income":95970,"bachelors_plus":8046,"pop_25_plus":39537,"renter_occupied":6807,"total_housing_units":19096,"b25070_007e":478,"b25070_008e":618,"b25070_009e":352,"b25070_010e":1482,"b25070_001e":6807,"median_rent":1894,"b25077_001e":927800,"b08303_001e":20996,"b08303_008e":3325,"b08303_009e":511,"b08303_010e":951,"b08303_011e":2141,"b08303_012e":1496,"b08303_013e":442,"public_transit_workers":190,"b23025_003e":26840,"b23025_005e":1901,"state":15,"sldust":7,"NAME":"State Senate District 7 (2024); Hawaii","poverty_rate":11.83,"bachelors_rate":20.35,"college_educated_pct":20.35,"renter_rate":35.65,"rent_burden_households":2930,"rent_burden_rate":43.04,"severe_rent_burden_rate":21.77,"median_home_value":927800,"unemployment_rate":7.08,"public_transportation_pct":0.9,"travel_time_to_work_minutes":48.5,"high_school_or_higher_pct":93.62,"white_pct":61.09,"black_pct":0.92,"asian_pct":38.36,"nhpi_pct":36.51,"hispanic_pct":12.53,"vacancy_rate":13.43,"total_households":19096,"snap_households":2363,"NAME_tax":"State Senate District 07; Hawaii; Hawaii","state_tax":15,"district_x":7,"total_returns":42856.1546231063,"eitc_returns":6293.038989393013,"eitc_participation_rate":14.68409623947003,"federal_eitc_avg_amount":1970.320787128499,"federal_eitc_total_amount":12399305.535011176,"state_eitc_avg_amount":788.1283148513996,"state_eitc_total_amount":4959722.214004471,"ctc_returns":4070.4669304752697,"ctc_participation_rate":9.49797518296389,"ctc_avg_amount":1120.6265815773268,"ctc_total_amount":4561473.441722056,"total_population_tax":336497,"district_y":7,"alice_rate":51.0,"snap_household_rate":18.8,"snap_benefit_annual_per_household":8878.57,"snap_benefits_annual_total":31872712.69,"total_schools":15,"cep_schools":8,"cep_percentage":53.333333333333336,"cep_display":"8/15 CEP schools","geoid_str":"15007"},"geometry":{"type":"MultiPolygon","coordinates":[[[[-156.32088,20.94628],[-156.32121,20.94692],[-156.32176,20.94725],[-156.32098,20.94628],[-156.32268,20.94655],[-156.32252,20.94561],[-156.32324,20.94557],[-156.32559,20.94331],[-156.32697,20.94386],[-156.32706,20.94442],[-156.32883,20.94413],[-156.32919,20.94522],[-156.32967,20.94367],[-156.33071,20.9426],[-156.33191,20.94228],[-156.33338,20.94299],[-156.33374,20.94046],[-156.33698,20.93859],[-156.33937,20.93868],[-156.33955,20.93825],[-156.34179,20.93787],[-156.34278,20.93842],[-156.34438,20.93843],[-156.3469,20.93783],[-156.34874,20.93809],[-156.34979,20.93876],[-156.3504,20.93681],[-156.35207,20.93583],[-156.35368,20.93649],[-156.35544,20.93635],[-156.35584,20.9345],[-156.35727,20.93365],[-156.36064,20.93336],[-156.36211,20.93171],[-156.36602,20.92985],[-156.36754,20.92942],[-156.36865,20.92998],[-156.37044,20.9291],[-156.36983,20.92616],[-156.37108,20.92541],[-156.37135,20.92391],[-156.37233,20.92377],[-156.37329,20.92276],[-156.37496,20.92243],[-156.37606,20.92303],[-156.377,20.92206],[-156.37796,20.92192],[-156.37818,20.92015],[-156.3797,20.91952],[-156.3808,20.91995],[-156.38144,20.91892],[-156.38132,20.91749],[-156.38343,20.9161],[-156.38567,20.91563],[-156.39269,20.91545],[-156.3951,20.91373],[-156.39685,20.91315],[-156.40155,20.91285],[-156.40097,20.91356],[-156.40448,20.91315],[-156.40589,20.91169],[-156.4083,20.91099],[-156.40888,20.91],[-156.41089,20.90972],[-156.41248,20.90807],[-156.41446,20.9087],[-156.4166,20.90793],[-156.41948,20.90817],[-156.42175,20.91034],[-156.42299,20.91045],[-156.42758,20.90878],[-156.43126,20.90634],[-156.43398,20.90369],[-156.43718,20.90338],[-156.43809,20.90222],[-156.44254,20.89971],[-156.44695,20.89908],[-156.44689,20.89734],[-156.44249,20.89261],[-156.44418,20.89174],[-156.44312,20.89035],[-156.44379,20.88849],[-156.44286,20.8884],[-156.44123,20.88724],[-156.44209,20.88477],[-156.43965,20.88292],[-156.43867,20.88314],[-156.43522,20.88759],[-156.43286,20.88657],[-156.43177,20.88666],[-156.43116,20.88733],[-156.42944,20.88643],[-156.42498,20.8858],[-156.41473,20.88217],[-156.4066,20.88034],[-156.40418,20.87897],[-156.39906,20.87462],[-156.39677,20.87322],[-156.38062,20.8672],[-156.38226,20.86518],[-156.38178,20.86431],[-156.38268,20.86344],[-156.38314,20.86014],[-156.38199,20.85917],[-156.38316,20.8573],[-156.38465,20.85712],[-156.38631,20.85602],[-156.38633,20.85461],[-156.38722,20.85347],[-156.38877,20.85505],[-156.39076,20.85463],[-156.39221,20.8516],[-156.39508,20.85058],[-156.39575,20.84993],[-156.39705,20.84982],[-156.39698,20.84827],[-156.39462,20.84568],[-156.39849,20.83978],[-156.3989,20.83719],[-156.39916,20.83688],[-156.40147,20.83708],[-156.40516,20.83191],[-156.40596,20.82944],[-156.40646,20.8252],[-156.40582,20.82381],[-156.40607,20.82318],[-156.40481,20.82286],[-156.40602,20.81225],[-156.40551,20.81132],[-156.40284,20.8092],[-156.40216,20.80733],[-156.40325,20.80184],[-156.40539,20.79698],[-156.40783,20.78021],[-156.40993,20.77931],[-156.41196,20.78001],[-156.41314,20.77917],[-156.41509,20.78002],[-156.4169,20.77963],[-156.41881,20.77987],[-156.42244,20.7794],[-156.42437,20.77842],[-156.42328,20.77806],[-156.42149,20.77624],[-156.42158,20.76915],[-156.42449,20.76755],[-156.42567,20.76597],[-156.41972,20.76538],[-156.41657,20.76409],[-156.41611,20.76239],[-156.41417,20.76328],[-156.40805,20.75962],[-156.40184,20.75726],[-156.41567,20.72539],[-156.41013,20.72318],[-156.40875,20.72198],[-156.40795,20.72188],[-156.40786,20.72138],[-156.40492,20.72036],[-156.4024,20.71864],[-156.40078,20.71702],[-156.40008,20.71458],[-156.39867,20.71246],[-156.39898,20.71166],[-156.39799,20.71081],[-156.39776,20.70993],[-156.40242,20.71092],[-156.40494,20.71097],[-156.40688,20.71181],[-156.4106,20.71198],[-156.41445,20.71437],[-156.41204,20.6483],[-156.41305,20.6485],[-156.41418,20.64468],[-156.4268,20.64382],[-156.42574,20.63887],[-156.42292,20.63702],[-156.42248,20.63616],[-156.41743,20.6357],[-156.41609,20.62478],[-156.41986,20.61502],[-156.42058,20.60844],[-156.4232,20.6054],[-156.42154,20.60309],[-156.42,20.60413],[-156.41728,20.59969],[-156.41716,20.59709],[-156.41658,20.59745],[-156.41654,20.59691],[-156.41526,20.59651],[-156.41542,20.596],[-156.41469,20.59581],[-156.41471,20.5949],[-156.41393,20.59454],[-156.41386,20.59316],[-156.41263,20.59042],[-156.41306,20.58921],[-156.41376,20.58869],[-156.41426,20.58644],[-156.41324,20.58592],[-156.41292,20.5846],[-156.41324,20.58434],[-156.41235,20.58295],[-156.41126,20.58307],[-156.41061,20.58236],[-156.40941,20.58233],[-156.40855,20.58351],[-156.40829,20.58303],[-156.40576,20.58314],[-156.4056,20.58272],[-156.40538,20.58314],[-156.40359,20.58303],[-156.40267,20.58225],[-156.40316,20.58155],[-156.40245,20.58084],[-156.40292,20.58024],[-156.40231,20.57964],[-156.40143,20.58003],[-156.40149,20.57941],[-156.40089,20.57881],[-156.39987,20.57928],[-156.39972,20.57999],[-156.39859,20.58027],[-156.39865,20.58156],[-156.39807,20.58197],[-156.39752,20.58188],[-156.3961,20.57986],[-156.39438,20.57987],[-156.39388,20.58041],[-156.39365,20.57983],[-156.39142,20.57972],[-156.39119,20.5791],[-156.39058,20.57897],[-156.38893,20.57921],[-156.3882,20.57982],[-156.38719,20.57887],[-156.38635,20.57918],[-156.38648,20.57977],[-156.38582,20.5796],[-156.38578,20.58008],[-156.38523,20.57994],[-156.38351,20.58099],[-156.38309,20.57916],[-156.38139,20.57867],[-156.38106,20.57812],[-156.38045,20.5784],[-156.3804,20.57775],[-156.38024,20.57839],[-156.37934,20.57788],[-156.37848,20.57806],[-156.37782,20.57665],[-156.37741,20.57667],[-156.37755,20.57587],[-156.37699,20.57613],[-156.3755,20.57506],[-156.37495,20.57571],[-156.37478,20.57495],[-156.3741,20.57567],[-156.37405,20.57462],[-156.37357,20.57439],[-156.37326,20.57554],[-156.37114,20.57483],[-156.37078,20.5758],[-156.36975,20.57606],[-156.36806,20.5753],[-156.3651,20.57755],[-156.36419,20.57727],[-156.36247,20.5775],[-156.36218,20.57792],[-156.36084,20.57777],[-156.36067,20.57838],[-156.35922,20.57835],[-156.3589,20.57759],[-156.35774,20.57852],[-156.35702,20.57812],[-156.35713,20.57873],[-156.35651,20.57959],[-156.35466,20.58011],[-156.35446,20.58061],[-156.35329,20.58016],[-156.35246,20.58088],[-156.35219,20.58028],[-156.35144,20.58085],[-156.35057,20.5804],[-156.35017,20.58157],[-156.34945,20.58171],[-156.34985,20.5833],[-156.34906,20.58358],[-156.3478,20.58251],[-156.3479,20.58331],[-156.347,20.58374],[-156.34563,20.58294],[-156.34468,20.58357],[-156.34404,20.58298],[-156.34224,20.5838],[-156.34228,20.58324],[-156.34138,20.58303],[-156.34062,20.58054],[-156.33978,20.58097],[-156.33926,20.58026],[-156.33841,20.58097],[-156.33748,20.58038],[-156.33698,20.58122],[-156.33644,20.58051],[-156.33574,20.58069],[-156.33526,20.58307],[-156.33386,20.58248],[-156.33367,20.58339],[-156.33277,20.58392],[-156.33236,20.58354],[-156.33205,20.58393],[-156.3318,20.58322],[-156.33101,20.58343],[-156.331,20.5841],[-156.32927,20.5842],[-156.32865,20.58373],[-156.32839,20.58483],[-156.32752,20.5837],[-156.32668,20.58399],[-156.32632,20.58362],[-156.32364,20.58488],[-156.32182,20.58452],[-156.32025,20.58493],[-156.31696,20.5837],[-156.31597,20.58408],[-156.31431,20.58352],[-156.31283,20.58414],[-156.31181,20.58334],[-156.31069,20.58417],[-156.30965,20.5832],[-156.30855,20.58349],[-156.30765,20.58278],[-156.30669,20.58338],[-156.30617,20.58304],[-156.3051,20.58379],[-156.3037,20.58258],[-156.30222,20.58305],[-156.30206,20.5827],[-156.30021,20.58268],[-156.29923,20.58331],[-156.29762,20.58309],[-156.29782,20.58336],[-156.29664,20.5841],[-156.29051,20.58557],[-156.28762,20.58735],[-156.28665,20.58729],[-156.28635,20.58858],[-156.28566,20.58832],[-156.28514,20.58895],[-156.2849,20.59041],[-156.28417,20.59032],[-156.28326,20.59178],[-156.28196,20.59208],[-156.28173,20.59318],[-156.2793,20.59377],[-156.27679,20.59348],[-156.27551,20.59438],[-156.27367,20.59451],[-156.27315,20.59536],[-156.27098,20.59531],[-156.26901,20.59666],[-156.26768,20.59696],[-156.26693,20.5983],[-156.26626,20.59799],[-156.26407,20.5987],[-156.26204,20.59815],[-156.26056,20.59979],[-156.25853,20.59961],[-156.25802,20.60081],[-156.25722,20.60063],[-156.25585,20.60216],[-156.25138,20.6041],[-156.25132,20.60455],[-156.25027,20.60491],[-156.25051,20.60559],[-156.25016,20.60593],[-156.2499,20.60566],[-156.24746,20.60633],[-156.24734,20.6056],[-156.24641,20.60536],[-156.24555,20.60668],[-156.24454,20.60662],[-156.24473,20.60726],[-156.24389,20.60822],[-156.24238,20.60902],[-156.24153,20.60875],[-156.24123,20.60952],[-156.23943,20.60991],[-156.23897,20.61125],[-156.23803,20.61145],[-156.23728,20.61083],[-156.23673,20.61125],[-156.23531,20.61074],[-156.23402,20.6118],[-156.23354,20.61169],[-156.23344,20.61264],[-156.23101,20.61222],[-156.23086,20.61296],[-156.2295,20.6135],[-156.22878,20.61319],[-156.22834,20.61408],[-156.22793,20.61374],[-156.22741,20.61402],[-156.22765,20.61455],[-156.22708,20.61524],[-156.22442,20.61595],[-156.22456,20.61661],[-156.22394,20.61671],[-156.22369,20.61816],[-156.22231,20.61952],[-156.21904,20.6199],[-156.21876,20.6207],[-156.21813,20.62048],[-156.21778,20.62144],[-156.217,20.62189],[-156.21655,20.62169],[-156.2165,20.62208],[-156.21486,20.62251],[-156.2134,20.6219],[-156.21362,20.62284],[-156.21235,20.62385],[-156.21196,20.62358],[-156.2118,20.62414],[-156.21102,20.62399],[-156.20762,20.6251],[-156.20681,20.625],[-156.20653,20.62443],[-156.20448,20.62497],[-156.20335,20.62607],[-156.20084,20.62708],[-156.19934,20.62729],[-156.19859,20.62679],[-156.19362,20.62833],[-156.18936,20.62843],[-156.18774,20.628],[-156.18709,20.627],[-156.18438,20.62639],[-156.17874,20.62701],[-156.17775,20.62651],[-156.17792,20.62502],[-156.17726,20.62458],[-156.17788,20.62375],[-156.1773,20.62285],[-156.17492,20.62138],[-156.17347,20.62167],[-156.17297,20.62242],[-156.17268,20.62106],[-156.17201,20.62081],[-156.17143,20.62114],[-156.17062,20.62084],[-156.17013,20.62128],[-156.17036,20.62219],[-156.16949,20.6225],[-156.16958,20.62299],[-156.16885,20.62277],[-156.1685,20.62361],[-156.16775,20.62327],[-156.16675,20.62415],[-156.16503,20.62335],[-156.16531,20.62216],[-156.16482,20.62092],[-156.16318,20.62058],[-156.16223,20.62241],[-156.15464,20.6263],[-156.14703,20.62529],[-156.14543,20.62572],[-156.14477,20.62539],[-156.1409,20.61978],[-156.14022,20.61815],[-156.13977,20.61847],[-156.13984,20.61926],[-156.13923,20.61882],[-156.13637,20.62012],[-156.13563,20.61982],[-156.13585,20.62025],[-156.13461,20.62121],[-156.13531,20.62302],[-156.13482,20.62378],[-156.13347,20.62336],[-156.1336,20.624],[-156.13257,20.62425],[-156.13008,20.62313],[-156.12796,20.62311],[-156.12709,20.62415],[-156.12732,20.62609],[-156.12637,20.62642],[-156.12565,20.62769],[-156.12497,20.62781],[-156.12513,20.62869],[-156.12422,20.62981],[-156.12202,20.63088],[-156.11983,20.63002],[-156.1183,20.63059],[-156.11207,20.63533],[-156.11072,20.63714],[-156.11134,20.63864],[-156.11079,20.63979],[-156.10942,20.63984],[-156.10917,20.63936],[-156.10882,20.64042],[-156.10759,20.64113],[-156.10643,20.64105],[-156.10587,20.63981],[-156.10564,20.64039],[-156.10282,20.64042],[-156.10104,20.64146],[-156.10014,20.64128],[-156.0999,20.64198],[-156.09859,20.64218],[-156.09703,20.64155],[-156.09439,20.64154],[-156.09376,20.64075],[-156.09355,20.64249],[-156.09297,20.64226],[-156.09071,20.64358],[-156.08847,20.64369],[-156.08688,20.64491],[-156.08633,20.64473],[-156.08653,20.64563],[-156.08467,20.64683],[-156.08415,20.64785],[-156.08269,20.64817],[-156.0808,20.65014],[-156.07875,20.65112],[-156.07774,20.65112],[-156.07454,20.6497],[-156.07309,20.64796],[-156.07221,20.64801],[-156.07152,20.64724],[-156.07093,20.64748],[-156.0699,20.64687],[-156.06878,20.64718],[-156.06848,20.6465],[-156.06842,20.64707],[-156.06673,20.64709],[-156.06434,20.6461],[-156.06306,20.64823],[-156.06044,20.64782],[-156.0587,20.64854],[-156.05761,20.64836],[-156.05728,20.64894],[-156.0566,20.6485],[-156.05521,20.65056],[-156.05364,20.64986],[-156.05357,20.65081],[-156.05293,20.65129],[-156.05178,20.65132],[-156.05127,20.65058],[-156.05032,20.65105],[-156.04989,20.65058],[-156.04968,20.65104],[-156.04913,20.65069],[-156.04922,20.65122],[-156.04868,20.65102],[-156.04842,20.65176],[-156.047,20.65161],[-156.04739,20.65245],[-156.04582,20.65284],[-156.04546,20.65345],[-156.04672,20.65449],[-156.04629,20.65556],[-156.04681,20.65606],[-156.04633,20.65659],[-156.04717,20.65725],[-156.0473,20.6584],[-156.04656,20.65882],[-156.04571,20.65857],[-156.04546,20.65787],[-156.04314,20.65756],[-156.04485,20.6581],[-156.04365,20.65815],[-156.04434,20.65893],[-156.04293,20.6588],[-156.04271,20.65983],[-156.04147,20.66081],[-156.04165,20.66141],[-156.0404,20.66165],[-156.04122,20.66276],[-156.04088,20.66369],[-156.04115,20.66486],[-156.04081,20.66698],[-156.03933,20.66929],[-156.03873,20.66966],[-156.03784,20.66936],[-156.03729,20.67004],[-156.03676,20.66997],[-156.03657,20.67086],[-156.03594,20.67054],[-156.03408,20.67376],[-156.03317,20.67366],[-156.03043,20.67587],[-156.03007,20.67704],[-156.02745,20.67814],[-156.02804,20.67922],[-156.02649,20.68041],[-156.02345,20.68108],[-156.02293,20.68036],[-156.02201,20.68028],[-156.02061,20.68099],[-156.02005,20.68228],[-156.0192,20.6822],[-156.01801,20.68355],[-156.01693,20.68381],[-156.01535,20.68263],[-156.0143,20.68285],[-156.01315,20.68203],[-156.01249,20.68285],[-156.01177,20.68238],[-156.0106,20.68419],[-156.00935,20.68432],[-156.00838,20.68512],[-156.00887,20.68577],[-156.0071,20.68679],[-156.00745,20.68749],[-156.00609,20.68748],[-156.00618,20.68793],[-156.00539,20.68817],[-156.00542,20.68913],[-156.00435,20.68922],[-156.00418,20.69119],[-156.0017,20.6926],[-156.00196,20.69338],[-156.00106,20.69334],[-156.0011,20.69441],[-155.99916,20.69503],[-155.9982,20.69485],[-155.99891,20.69703],[-155.99844,20.69766],[-155.99862,20.69887],[-155.99784,20.69897],[-155.9984,20.6997],[-155.9968,20.70019],[-155.9973,20.70025],[-155.99723,20.70237],[-155.99543,20.70347],[-155.99404,20.7034],[-155.99457,20.70363],[-155.99403,20.70429],[-155.99325,20.7043],[-155.99378,20.70524],[-155.99253,20.70636],[-155.99268,20.70673],[-155.99198,20.70619],[-155.99097,20.7065],[-155.99137,20.707],[-155.9912,20.70807],[-155.98829,20.70776],[-155.98835,20.70909],[-155.9877,20.70906],[-155.98869,20.71027],[-155.9881,20.7113],[-155.98861,20.71237],[-155.98853,20.71577],[-155.98765,20.71644],[-155.98754,20.71741],[-155.98815,20.71773],[-155.98455,20.71935],[-155.98454,20.72173],[-155.98393,20.7218],[-155.98459,20.7232],[-155.98373,20.72359],[-155.98431,20.7242],[-155.98421,20.72598],[-155.98383,20.72642],[-155.98294,20.72636],[-155.98411,20.728],[-155.9857,20.72859],[-155.98607,20.73124],[-155.9857,20.73146],[-155.98594,20.73268],[-155.9848,20.73273],[-155.98407,20.7332],[-155.98396,20.73408],[-155.98353,20.73408],[-155.98354,20.73469],[-155.98418,20.73501],[-155.98385,20.73546],[-155.9842,20.73607],[-155.9832,20.73705],[-155.98356,20.7373],[-155.9835,20.73877],[-155.98279,20.73873],[-155.98313,20.73902],[-155.98238,20.74036],[-155.9825,20.74121],[-155.98337,20.74208],[-155.98303,20.743],[-155.98359,20.74345],[-155.98376,20.74471],[-155.98272,20.74617],[-155.98338,20.74837],[-155.98265,20.74962],[-155.98342,20.75079],[-155.9826,20.75186],[-155.98114,20.75195],[-155.98174,20.75268],[-155.98132,20.75318],[-155.97928,20.75311],[-155.97923,20.75492],[-155.97967,20.75526],[-155.97902,20.756],[-155.97974,20.75577],[-155.97976,20.75628],[-155.98034,20.75644],[-155.9821,20.75585],[-155.98227,20.75527],[-155.98399,20.75535],[-155.98441,20.75583],[-155.98409,20.75608],[-155.98452,20.7561],[-155.98553,20.7576],[-155.98518,20.75826],[-155.98578,20.75824],[-155.98687,20.76016],[-155.98541,20.76269],[-155.98449,20.7628],[-155.98397,20.76342],[-155.98327,20.7633],[-155.98302,20.76387],[-155.98252,20.76319],[-155.9817,20.76421],[-155.98149,20.76373],[-155.98051,20.76375],[-155.97952,20.76466],[-155.97944,20.76538],[-155.9803,20.76608],[-155.98138,20.76554],[-155.98268,20.76592],[-155.98416,20.76695],[-155.9853,20.77113],[-155.98505,20.77351],[-155.98639,20.77451],[-155.9865,20.7756],[-155.99146,20.77907],[-155.99343,20.78264],[-155.99418,20.78211],[-155.99477,20.78315],[-155.99514,20.78281],[-155.99598,20.78378],[-155.99657,20.78381],[-155.99701,20.78451],[-155.99686,20.7856],[-155.9977,20.78525],[-155.99817,20.78591],[-155.99845,20.78538],[-155.9987,20.7859],[-156.00038,20.78591],[-156.00098,20.78667],[-156.0009,20.78775],[-156.00152,20.78782],[-156.00133,20.78832],[-156.00245,20.7875],[-156.00341,20.78826],[-156.00326,20.78903],[-156.00172,20.78958],[-156.00207,20.7904],[-156.00123,20.79016],[-156.00021,20.79138],[-156.00085,20.79162],[-156.00087,20.79244],[-156.00202,20.79279],[-156.00287,20.79375],[-156.00332,20.79343],[-156.00353,20.79383],[-156.00554,20.79371],[-156.0087,20.79708],[-156.00965,20.79672],[-156.00998,20.79742],[-156.01118,20.79712],[-156.01138,20.79744],[-156.01152,20.79681],[-156.012,20.79708],[-156.01248,20.79673],[-156.01415,20.79698],[-156.01442,20.79768],[-156.0146,20.79713],[-156.01779,20.79833],[-156.02235,20.80168],[-156.03116,20.80504],[-156.03621,20.8056],[-156.03872,20.80702],[-156.03962,20.8065],[-156.03983,20.80538],[-156.0404,20.80502],[-156.04361,20.80521],[-156.04462,20.80555],[-156.04663,20.80749],[-156.04712,20.80712],[-156.04791,20.80737],[-156.04803,20.80793],[-156.04841,20.80765],[-156.0489,20.80852],[-156.04996,20.80695],[-156.0512,20.80651],[-156.05298,20.80682],[-156.05279,20.80735],[-156.05429,20.80845],[-156.05477,20.80717],[-156.05691,20.80728],[-156.05931,20.80941],[-156.05964,20.81101],[-156.06134,20.81113],[-156.06182,20.81226],[-156.06373,20.81225],[-156.06445,20.81375],[-156.06397,20.81438],[-156.06504,20.81485],[-156.06515,20.8163],[-156.06562,20.81603],[-156.06857,20.81726],[-156.06835,20.81865],[-156.06995,20.81814],[-156.07197,20.81902],[-156.07309,20.81892],[-156.07399,20.8199],[-156.07378,20.82023],[-156.07462,20.8203],[-156.07619,20.82142],[-156.07685,20.82268],[-156.07768,20.82208],[-156.07869,20.82225],[-156.0789,20.8235],[-156.08009,20.82363],[-156.08163,20.82565],[-156.08175,20.82521],[-156.08234,20.82546],[-156.08279,20.82495],[-156.08337,20.8253],[-156.0846,20.82645],[-156.08428,20.8274],[-156.08491,20.82796],[-156.08534,20.82758],[-156.08794,20.82878],[-156.08949,20.82739],[-156.0908,20.82753],[-156.09126,20.82699],[-156.09267,20.82861],[-156.09265,20.82772],[-156.0933,20.82809],[-156.09398,20.82726],[-156.09511,20.82729],[-156.09487,20.82624],[-156.09524,20.8258],[-156.09891,20.82506],[-156.10376,20.82546],[-156.10686,20.82312],[-156.10816,20.82445],[-156.10933,20.82493],[-156.11158,20.82491],[-156.11483,20.82667],[-156.11524,20.82638],[-156.11595,20.82752],[-156.11524,20.82983],[-156.11545,20.83076],[-156.1164,20.83184],[-156.11823,20.83274],[-156.11829,20.83375],[-156.11949,20.83449],[-156.1205,20.83621],[-156.12074,20.83801],[-156.12139,20.83803],[-156.12158,20.83876],[-156.12192,20.8384],[-156.12642,20.84013],[-156.12741,20.84276],[-156.12681,20.84427],[-156.12869,20.8485],[-156.12871,20.85203],[-156.12937,20.85385],[-156.12871,20.85475],[-156.13069,20.85514],[-156.13197,20.85595],[-156.13163,20.85711],[-156.13017,20.85829],[-156.13134,20.85779],[-156.13146,20.85902],[-156.13322,20.85762],[-156.13346,20.85829],[-156.13416,20.85791],[-156.13516,20.85841],[-156.13792,20.85808],[-156.13799,20.85847],[-156.13889,20.85788],[-156.14391,20.85792],[-156.1444,20.8585],[-156.14306,20.86179],[-156.14384,20.86243],[-156.1428,20.86334],[-156.14363,20.86339],[-156.14386,20.86497],[-156.14491,20.86452],[-156.14614,20.86589],[-156.14754,20.86488],[-156.1473,20.86394],[-156.14811,20.8637],[-156.14791,20.86239],[-156.1484,20.86135],[-156.14929,20.86134],[-156.15243,20.85961],[-156.15696,20.85874],[-156.15813,20.85961],[-156.15825,20.86206],[-156.15847,20.8616],[-156.16056,20.86209],[-156.16141,20.86329],[-156.16274,20.8632],[-156.16312,20.86378],[-156.16457,20.86106],[-156.1655,20.86053],[-156.16679,20.86082],[-156.1671,20.86003],[-156.16724,20.86112],[-156.16656,20.86292],[-156.16697,20.86406],[-156.16673,20.86828],[-156.16809,20.87197],[-156.17024,20.87374],[-156.17187,20.87395],[-156.17224,20.87447],[-156.17456,20.87337],[-156.17453,20.8745],[-156.1758,20.87649],[-156.18227,20.87999],[-156.18387,20.88216],[-156.18672,20.88477],[-156.19135,20.88779],[-156.19301,20.89023],[-156.19187,20.8917],[-156.19445,20.89337],[-156.1943,20.89458],[-156.19475,20.89464],[-156.19563,20.89324],[-156.19571,20.89425],[-156.19827,20.89484],[-156.19964,20.89679],[-156.20359,20.898],[-156.20478,20.89886],[-156.20543,20.9007],[-156.20835,20.90266],[-156.20945,20.90308],[-156.2105,20.90275],[-156.2108,20.90306],[-156.21113,20.90266],[-156.21249,20.90362],[-156.21189,20.90492],[-156.21418,20.90708],[-156.21357,20.90761],[-156.21448,20.90934],[-156.21411,20.91173],[-156.21464,20.91359],[-156.21704,20.91391],[-156.21726,20.91505],[-156.218,20.9148],[-156.21966,20.91531],[-156.22299,20.9149],[-156.22287,20.9155],[-156.22664,20.91884],[-156.22587,20.92092],[-156.22609,20.92125],[-156.22706,20.92099],[-156.22737,20.92392],[-156.228,20.92475],[-156.2278,20.92645],[-156.22816,20.9264],[-156.2283,20.927],[-156.22781,20.9272],[-156.2274,20.92866],[-156.22807,20.929],[-156.22827,20.92782],[-156.22893,20.92809],[-156.22944,20.92775],[-156.2301,20.92812],[-156.23009,20.92862],[-156.23042,20.9288],[-156.23052,20.92837],[-156.23098,20.92881],[-156.23219,20.92775],[-156.23311,20.92911],[-156.23334,20.92848],[-156.23457,20.92884],[-156.23475,20.93025],[-156.23517,20.9296],[-156.23572,20.92984],[-156.23602,20.93188],[-156.23918,20.9353],[-156.23985,20.9347],[-156.24055,20.93481],[-156.24095,20.93562],[-156.24199,20.93497],[-156.24318,20.93562],[-156.2442,20.93523],[-156.24457,20.93591],[-156.24527,20.93556],[-156.2477,20.9366],[-156.24797,20.93769],[-156.24942,20.9363],[-156.25049,20.93623],[-156.25245,20.93723],[-156.25238,20.93798],[-156.25402,20.93352],[-156.25638,20.9329],[-156.2563,20.93376],[-156.25799,20.9353],[-156.25816,20.93602],[-156.25841,20.93562],[-156.25865,20.93658],[-156.25896,20.93618],[-156.25978,20.93644],[-156.26047,20.93712],[-156.26031,20.93788],[-156.26092,20.93754],[-156.26251,20.93963],[-156.2633,20.93805],[-156.26518,20.93747],[-156.2655,20.93794],[-156.26649,20.936],[-156.26736,20.93534],[-156.26816,20.93536],[-156.26996,20.93423],[-156.27145,20.93469],[-156.27232,20.93418],[-156.2744,20.93513],[-156.27551,20.93681],[-156.27678,20.94036],[-156.27865,20.9418],[-156.27925,20.94358],[-156.28023,20.94378],[-156.2818,20.94557],[-156.28296,20.94559],[-156.28342,20.94474],[-156.28493,20.94415],[-156.28615,20.94433],[-156.28749,20.94397],[-156.28805,20.94323],[-156.2914,20.94268],[-156.293,20.94151],[-156.29623,20.94301],[-156.29655,20.94235],[-156.29779,20.94208],[-156.29852,20.94103],[-156.30238,20.94111],[-156.30463,20.93931],[-156.30512,20.93974],[-156.30647,20.93952],[-156.3112,20.94179],[-156.31265,20.94367],[-156.31409,20.94412],[-156.31489,20.94515],[-156.31535,20.94436],[-156.31569,20.94496],[-156.31612,20.94424],[-156.31705,20.94411],[-156.3172,20.94458],[-156.31752,20.94248],[-156.31854,20.94232],[-156.31933,20.94325],[-156.31894,20.94452],[-156.31952,20.94402],[-156.31972,20.94533],[-156.32088,20.94628]]],[[[-156.57347,20.60387],[-156.57513,20.6037],[-156.57568,20.60321],[-156.57672,20.60355],[-156.57733,20.60278],[-156.58043,20.60288],[-156.58195,20.60172],[-156.58425,20.60104],[-156.58468,20.6004],[-156.58801,20.60021],[-156.58832,20.59938],[-156.58953,20.5989],[-156.58983,20.59804],[-156.59051,20.59783],[-156.59119,20.59854],[-156.59141,20.59797],[-156.59424,20.59672],[-156.59416,20.59624],[-156.59524,20.59601],[-156.59556,20.59681],[-156.59605,20.59605],[-156.59838,20.59557],[-156.59992,20.5943],[-156.60077,20.59272],[-156.60333,20.59275],[-156.60487,20.59196],[-156.60514,20.5912],[-156.60893,20.58997],[-156.60945,20.59036],[-156.60911,20.5881],[-156.61183,20.58812],[-156.61087,20.58596],[-156.61107,20.58548],[-156.61197,20.58546],[-156.61196,20.58453],[-156.6138,20.5842],[-156.61839,20.58168],[-156.62027,20.58151],[-156.62147,20.58085],[-156.62132,20.58034],[-156.62181,20.57992],[-156.62375,20.57958],[-156.62456,20.57759],[-156.62645,20.57744],[-156.62709,20.57603],[-156.62816,20.57607],[-156.62818,20.57493],[-156.63027,20.57368],[-156.63086,20.57268],[-156.63173,20.57231],[-156.63245,20.57255],[-156.63306,20.57123],[-156.63448,20.57058],[-156.63586,20.57142],[-156.63653,20.56953],[-156.6374,20.5692],[-156.63794,20.56973],[-156.6377,20.56876],[-156.6391,20.56879],[-156.64029,20.5665],[-156.641,20.5665],[-156.64167,20.56715],[-156.6433,20.56637],[-156.64397,20.56531],[-156.64376,20.5643],[-156.64672,20.56292],[-156.64725,20.56167],[-156.64843,20.56158],[-156.64903,20.56244],[-156.65063,20.56238],[-156.65122,20.56164],[-156.65242,20.56204],[-156.65335,20.56107],[-156.6545,20.56101],[-156.65478,20.56035],[-156.65591,20.56059],[-156.65711,20.56003],[-156.65953,20.56139],[-156.65991,20.56093],[-156.65947,20.56016],[-156.65979,20.55952],[-156.66084,20.55865],[-156.66266,20.5588],[-156.66356,20.55752],[-156.66614,20.55802],[-156.66692,20.55752],[-156.66821,20.55762],[-156.67007,20.55623],[-156.67094,20.55666],[-156.67292,20.55657],[-156.67357,20.55574],[-156.67537,20.55602],[-156.67642,20.55567],[-156.67791,20.55447],[-156.67619,20.55177],[-156.67867,20.55173],[-156.67864,20.55038],[-156.67924,20.54947],[-156.68058,20.54943],[-156.68158,20.54783],[-156.68341,20.54779],[-156.68464,20.54693],[-156.68531,20.54573],[-156.68735,20.54445],[-156.68686,20.54256],[-156.68789,20.54273],[-156.68895,20.54186],[-156.68922,20.54103],[-156.69061,20.54083],[-156.69376,20.53856],[-156.69591,20.53436],[-156.69846,20.5333],[-156.69814,20.53185],[-156.6985,20.53098],[-156.69946,20.52946],[-156.70042,20.5292],[-156.69968,20.52607],[-156.70077,20.52388],[-156.69885,20.52354],[-156.69822,20.52231],[-156.6971,20.52273],[-156.6959,20.52243],[-156.69523,20.52084],[-156.69419,20.52043],[-156.69459,20.51935],[-156.69408,20.51898],[-156.69327,20.51926],[-156.69321,20.51872],[-156.69198,20.51856],[-156.69176,20.51773],[-156.69135,20.51779],[-156.69185,20.51649],[-156.68945,20.51709],[-156.68874,20.51647],[-156.68566,20.51572],[-156.68383,20.51378],[-156.68391,20.51219],[-156.68283,20.51232],[-156.68255,20.5119],[-156.68278,20.51113],[-156.68578,20.50922],[-156.68587,20.50844],[-156.68377,20.50675],[-156.68169,20.50616],[-156.68237,20.50515],[-156.68106,20.50389],[-156.67884,20.50295],[-156.67757,20.50405],[-156.67658,20.50416],[-156.67412,20.50301],[-156.67372,20.50231],[-156.67329,20.50242],[-156.67317,20.50097],[-156.66948,20.50394],[-156.66865,20.50387],[-156.66805,20.50269],[-156.66774,20.50296],[-156.66651,20.50168],[-156.66627,20.50086],[-156.66581,20.50192],[-156.6646,20.50237],[-156.66362,20.50131],[-156.66314,20.50251],[-156.66216,20.5026],[-156.66292,20.50364],[-156.66227,20.50364],[-156.66126,20.50457],[-156.66019,20.50406],[-156.65786,20.50442],[-156.65655,20.50524],[-156.65577,20.50712],[-156.65473,20.50733],[-156.65365,20.50875],[-156.6448,20.50858],[-156.64264,20.50625],[-156.64119,20.50586],[-156.64003,20.5049],[-156.63949,20.50538],[-156.63953,20.50607],[-156.6345,20.50781],[-156.63145,20.51016],[-156.62987,20.51034],[-156.62904,20.51144],[-156.62624,20.51218],[-156.62457,20.51325],[-156.6239,20.51227],[-156.62266,20.5125],[-156.62206,20.51306],[-156.62234,20.51384],[-156.62163,20.51427],[-156.61875,20.51432],[-156.61673,20.51522],[-156.61582,20.51495],[-156.61367,20.51674],[-156.61314,20.51588],[-156.61033,20.51653],[-156.60879,20.51356],[-156.60796,20.51329],[-156.6055,20.51436],[-156.60526,20.51307],[-156.60398,20.51315],[-156.60395,20.51404],[-156.60463,20.5147],[-156.60335,20.51575],[-156.59297,20.51529],[-156.59142,20.5116],[-156.58828,20.50957],[-156.5875,20.50845],[-156.5859,20.5077],[-156.5837,20.50806],[-156.58388,20.50921],[-156.57892,20.51122],[-156.57526,20.51166],[-156.57395,20.51113],[-156.57303,20.51221],[-156.57347,20.51311],[-156.57269,20.51426],[-156.57083,20.51505],[-156.56878,20.51512],[-156.56783,20.51605],[-156.56324,20.5149],[-156.5595,20.51521],[-156.55862,20.51594],[-156.55836,20.51801],[-156.55767,20.51833],[-156.5529,20.51738],[-156.54958,20.51529],[-156.54902,20.5134],[-156.54766,20.51206],[-156.54619,20.51232],[-156.54472,20.51188],[-156.54453,20.51331],[-156.54283,20.51375],[-156.54317,20.51499],[-156.54125,20.51536],[-156.54087,20.51617],[-156.54072,20.51713],[-156.54164,20.51863],[-156.54129,20.52017],[-156.54061,20.52023],[-156.53882,20.52221],[-156.5344,20.5241],[-156.53431,20.52513],[-156.53325,20.52527],[-156.5327,20.52628],[-156.53274,20.52731],[-156.5318,20.52823],[-156.53242,20.52875],[-156.53283,20.52969],[-156.5325,20.53009],[-156.53344,20.53159],[-156.5331,20.5327],[-156.53383,20.53359],[-156.5336,20.53443],[-156.54018,20.53412],[-156.54101,20.53481],[-156.54099,20.53605],[-156.54391,20.53706],[-156.54904,20.5341],[-156.55142,20.53348],[-156.55423,20.53574],[-156.554,20.53888],[-156.55441,20.53944],[-156.55382,20.54131],[-156.55323,20.54156],[-156.55295,20.54281],[-156.55236,20.54278],[-156.55258,20.54343],[-156.55198,20.54366],[-156.55255,20.54476],[-156.55331,20.54498],[-156.5531,20.54655],[-156.55151,20.54782],[-156.55129,20.54914],[-156.54961,20.55092],[-156.54768,20.55175],[-156.5485,20.55254],[-156.54844,20.55637],[-156.54785,20.55796],[-156.54715,20.55826],[-156.54659,20.55942],[-156.54823,20.56184],[-156.54782,20.56268],[-156.54835,20.56414],[-156.54801,20.56528],[-156.54631,20.56501],[-156.54617,20.56549],[-156.54691,20.56582],[-156.54572,20.56604],[-156.54561,20.56645],[-156.54258,20.56653],[-156.54183,20.56747],[-156.54042,20.56731],[-156.54022,20.56817],[-156.53816,20.56812],[-156.53732,20.56919],[-156.53927,20.56953],[-156.53935,20.5716],[-156.53877,20.57289],[-156.53975,20.57372],[-156.53907,20.57627],[-156.5408,20.57849],[-156.54153,20.57874],[-156.54487,20.58327],[-156.5465,20.58412],[-156.54679,20.58535],[-156.54752,20.58522],[-156.54737,20.58576],[-156.54897,20.58636],[-156.54933,20.5872],[-156.55042,20.58741],[-156.55042,20.58807],[-156.54975,20.5883],[-156.54983,20.58922],[-156.55064,20.59028],[-156.55028,20.59077],[-156.55109,20.5921],[-156.55312,20.5925],[-156.55447,20.59474],[-156.5572,20.59579],[-156.55958,20.59765],[-156.56235,20.59859],[-156.56481,20.60112],[-156.56498,20.60201],[-156.56586,20.60248],[-156.56847,20.60312],[-156.57193,20.60281],[-156.57347,20.60387]]],[[[-156.98597,20.92862],[-156.98778,20.92931],[-156.99386,20.9276],[-156.99664,20.9284],[-157.0011,20.92795],[-157.00342,20.92648],[-157.00484,20.92681],[-157.00869,20.92649],[-157.01085,20.92573],[-157.01635,20.92601],[-157.01743,20.9266],[-157.02228,20.92583],[-157.02334,20.92612],[-157.02679,20.92473],[-157.032,20.92405],[-157.03487,20.92287],[-157.03986,20.91933],[-157.04107,20.91923],[-157.04273,20.91732],[-157.04415,20.91747],[-157.04464,20.91656],[-157.04725,20.91529],[-157.04946,20.91318],[-157.05173,20.91382],[-157.05279,20.91294],[-157.05298,20.91193],[-157.05452,20.91174],[-157.05539,20.91066],[-157.05696,20.91022],[-157.05785,20.90796],[-157.05777,20.90675],[-157.05915,20.90493],[-157.05822,20.90445],[-157.05829,20.90365],[-157.05932,20.90321],[-157.06054,20.90112],[-157.05979,20.90111],[-157.05881,20.8999],[-157.06002,20.8992],[-157.05924,20.89749],[-157.05998,20.89732],[-157.06062,20.89628],[-157.06012,20.89543],[-157.06066,20.89311],[-157.06022,20.8924],[-157.06067,20.89172],[-157.0623,20.89111],[-157.06195,20.88958],[-157.0614,20.88892],[-157.05992,20.88881],[-157.05805,20.88541],[-157.05782,20.8841],[-157.05679,20.88346],[-157.0575,20.88153],[-157.05672,20.88017],[-157.05313,20.87856],[-157.05328,20.8777],[-157.05268,20.87718],[-157.05367,20.87609],[-157.0525,20.87515],[-157.05268,20.87295],[-157.05008,20.87163],[-157.04975,20.8706],[-157.05015,20.86984],[-157.04918,20.87052],[-157.04881,20.87014],[-157.04595,20.87025],[-157.04558,20.86962],[-157.04473,20.86967],[-157.04483,20.86917],[-157.04432,20.86935],[-157.04361,20.86878],[-157.0428,20.8669],[-157.03971,20.86726],[-157.03792,20.86631],[-157.03704,20.86482],[-157.03761,20.86414],[-157.03739,20.86263],[-157.03657,20.86373],[-157.03552,20.86313],[-157.03501,20.86194],[-157.03351,20.86201],[-157.03256,20.86338],[-157.02994,20.86279],[-157.02575,20.86013],[-157.02125,20.85887],[-157.01531,20.85571],[-157.01378,20.85417],[-157.01414,20.853],[-157.01194,20.85354],[-157.00902,20.85171],[-157.00616,20.8485],[-157.00671,20.84693],[-157.00477,20.8472],[-157.00362,20.84618],[-157.0017,20.84211],[-157.00054,20.84116],[-156.99769,20.83683],[-156.99773,20.83583],[-156.99621,20.83393],[-156.99545,20.83135],[-156.99448,20.83108],[-156.99303,20.82971],[-156.99223,20.8284],[-156.99228,20.8274],[-156.99176,20.82717],[-156.99164,20.82591],[-156.99002,20.82484],[-156.99022,20.82386],[-156.98919,20.82367],[-156.98915,20.82155],[-156.98744,20.81898],[-156.98773,20.81821],[-156.98849,20.81792],[-156.9874,20.81715],[-156.98795,20.81418],[-156.98719,20.81379],[-156.98795,20.81327],[-156.98654,20.81296],[-156.98629,20.81216],[-156.98665,20.81104],[-156.98781,20.81059],[-156.98719,20.80865],[-156.98653,20.80818],[-156.98824,20.80681],[-156.98835,20.805],[-156.98731,20.80403],[-156.98768,20.8027],[-156.98935,20.80195],[-156.99033,20.80087],[-156.98983,20.80002],[-156.99,20.79903],[-156.98863,20.79815],[-156.98767,20.79654],[-156.99056,20.79548],[-156.98972,20.79473],[-156.99051,20.7934],[-156.98916,20.79295],[-156.98864,20.79206],[-156.99007,20.79115],[-156.9895,20.79053],[-156.98957,20.78935],[-156.99027,20.78897],[-156.98999,20.78811],[-156.99193,20.78781],[-156.99251,20.78654],[-156.99184,20.78247],[-156.99096,20.78247],[-156.99171,20.78109],[-156.99152,20.78001],[-156.99046,20.78032],[-156.98882,20.77866],[-156.98896,20.77695],[-156.98855,20.77668],[-156.98803,20.7727],[-156.9859,20.76812],[-156.98431,20.76104],[-156.98195,20.75354],[-156.97767,20.74922],[-156.97699,20.74755],[-156.97619,20.74715],[-156.97534,20.74739],[-156.97356,20.7464],[-156.97347,20.74544],[-156.9718,20.74426],[-156.97025,20.74174],[-156.96802,20.74004],[-156.96755,20.73729],[-156.96676,20.73717],[-156.96545,20.73589],[-156.96627,20.73344],[-156.96508,20.73175],[-156.96139,20.73201],[-156.95947,20.73341],[-156.95796,20.73306],[-156.95624,20.7346],[-156.95547,20.73373],[-156.95407,20.7336],[-156.95305,20.73456],[-156.95271,20.7339],[-156.95173,20.73389],[-156.95068,20.73512],[-156.94981,20.73468],[-156.94793,20.73553],[-156.94713,20.7348],[-156.94614,20.73646],[-156.94517,20.73515],[-156.9437,20.7358],[-156.94278,20.73495],[-156.94217,20.73505],[-156.9417,20.73582],[-156.94139,20.73542],[-156.94061,20.73573],[-156.94016,20.7351],[-156.9392,20.73608],[-156.93824,20.73527],[-156.93707,20.7363],[-156.93707,20.7353],[-156.93446,20.7341],[-156.93382,20.73501],[-156.9311,20.73621],[-156.92971,20.73611],[-156.92905,20.73556],[-156.92918,20.73489],[-156.92804,20.73485],[-156.92737,20.73656],[-156.92549,20.7346],[-156.92458,20.73566],[-156.92371,20.73497],[-156.92294,20.73547],[-156.92289,20.7364],[-156.92185,20.73639],[-156.9211,20.73571],[-156.91974,20.73726],[-156.91819,20.73803],[-156.91671,20.73722],[-156.91571,20.73776],[-156.9148,20.73732],[-156.91393,20.73752],[-156.91306,20.73672],[-156.91238,20.73721],[-156.91171,20.73706],[-156.91138,20.73594],[-156.91067,20.73647],[-156.91063,20.73722],[-156.90966,20.73764],[-156.90727,20.73569],[-156.9061,20.73649],[-156.90463,20.73626],[-156.90334,20.73736],[-156.90201,20.73733],[-156.9,20.73987],[-156.8986,20.74032],[-156.89763,20.73949],[-156.89641,20.74004],[-156.89374,20.73897],[-156.89298,20.73758],[-156.8935,20.73528],[-156.89293,20.7346],[-156.89195,20.73549],[-156.89018,20.73509],[-156.88974,20.73614],[-156.8901,20.73721],[-156.8872,20.73796],[-156.88668,20.73857],[-156.88648,20.74006],[-156.88767,20.7416],[-156.88689,20.74242],[-156.88818,20.74146],[-156.88864,20.7418],[-156.88775,20.74307],[-156.88459,20.74409],[-156.88323,20.74291],[-156.88296,20.74347],[-156.87979,20.7418],[-156.878,20.74293],[-156.87696,20.74266],[-156.87674,20.74353],[-156.87547,20.74388],[-156.87369,20.74633],[-156.87196,20.74633],[-156.86657,20.75166],[-156.86355,20.75201],[-156.86299,20.75311],[-156.86109,20.75364],[-156.85921,20.75352],[-156.8574,20.75432],[-156.85677,20.75538],[-156.85532,20.75509],[-156.85247,20.75789],[-156.85111,20.75787],[-156.84998,20.75698],[-156.84506,20.75744],[-156.84354,20.75692],[-156.84309,20.75749],[-156.84161,20.75763],[-156.8398,20.75893],[-156.8387,20.75912],[-156.83822,20.75987],[-156.83697,20.76019],[-156.83519,20.76149],[-156.83398,20.76441],[-156.83326,20.76467],[-156.83245,20.7659],[-156.83081,20.76652],[-156.83053,20.7676],[-156.82856,20.77024],[-156.82844,20.7716],[-156.8268,20.77518],[-156.82281,20.78161],[-156.8187,20.78716],[-156.81436,20.7913],[-156.8135,20.7935],[-156.81102,20.79732],[-156.8096,20.80017],[-156.80976,20.80118],[-156.80631,20.80629],[-156.80624,20.81151],[-156.80541,20.81712],[-156.80609,20.82255],[-156.81022,20.82896],[-156.81148,20.82975],[-156.81459,20.83335],[-156.81763,20.83849],[-156.82169,20.84721],[-156.82789,20.85342],[-156.82916,20.8563],[-156.83158,20.85874],[-156.83569,20.86169],[-156.83804,20.86487],[-156.84472,20.8699],[-156.85055,20.87553],[-156.85279,20.87715],[-156.85518,20.87812],[-156.85657,20.87971],[-156.85781,20.88232],[-156.86305,20.88628],[-156.86623,20.88956],[-156.86677,20.89077],[-156.86893,20.89267],[-156.86954,20.89387],[-156.8699,20.89395],[-156.86988,20.89235],[-156.87161,20.89386],[-156.87287,20.89377],[-156.87924,20.90057],[-156.88082,20.90343],[-156.88301,20.90475],[-156.88425,20.90454],[-156.8856,20.90529],[-156.88776,20.9075],[-156.89428,20.91219],[-156.89634,20.9127],[-156.89759,20.9125],[-156.90054,20.91498],[-156.90252,20.91533],[-156.90389,20.91629],[-156.90672,20.91669],[-156.90899,20.91793],[-156.91049,20.91782],[-156.91441,20.91903],[-156.91506,20.91983],[-156.9185,20.91935],[-156.92244,20.9198],[-156.92708,20.92066],[-156.93078,20.92202],[-156.93295,20.92174],[-156.93487,20.92211],[-156.93769,20.92351],[-156.94242,20.92216],[-156.94342,20.9226],[-156.94603,20.92216],[-156.94714,20.92268],[-156.94944,20.92241],[-156.95258,20.92355],[-156.95359,20.92308],[-156.95527,20.92348],[-156.95774,20.92292],[-156.96729,20.92377],[-156.96905,20.92313],[-156.97405,20.92446],[-156.97765,20.92643],[-156.98597,20.92862]]],[[[-157.25398,21.22417],[-157.25502,21.22376],[-157.25602,21.22256],[-157.25654,21.223],[-157.2577,21.22239],[-157.25787,21.22141],[-157.25845,21.22127],[-157.25799,21.22101],[-157.25843,21.22025],[-157.25818,21.21977],[-157.25889,21.21985],[-157.25944,21.21932],[-157.26033,21.21761],[-157.25846,21.21567],[-157.25908,21.21531],[-157.25863,21.21432],[-157.2526,21.211],[-157.25169,21.20886],[-157.2507,21.20848],[-157.25045,21.2074],[-157.25083,21.2073],[-157.25004,21.2066],[-157.2507,21.2067],[-157.25079,21.20624],[-157.24988,21.20597],[-157.2494,21.20301],[-157.24798,21.20245],[-157.24865,21.20148],[-157.24818,21.20034],[-157.24876,21.19869],[-157.24765,21.19833],[-157.24774,21.19605],[-157.24841,21.1939],[-157.24922,21.19272],[-157.24972,21.19273],[-157.24997,21.19165],[-157.24838,21.19072],[-157.24856,21.18687],[-157.25042,21.18323],[-157.25268,21.18276],[-157.25224,21.18146],[-157.25251,21.18032],[-157.2513,21.17919],[-157.25117,21.17834],[-157.25448,21.17403],[-157.25853,21.17009],[-157.26988,21.16045],[-157.27188,21.15927],[-157.27301,21.15997],[-157.27375,21.15978],[-157.27505,21.15896],[-157.27537,21.15819],[-157.27689,21.15808],[-157.27743,21.15846],[-157.27807,21.15659],[-157.27926,21.15592],[-157.27894,21.15446],[-157.27925,21.15419],[-157.28073,21.15505],[-157.28147,21.15469],[-157.28151,21.15387],[-157.28284,21.15339],[-157.2834,21.15256],[-157.28341,21.15098],[-157.28526,21.14909],[-157.28662,21.1485],[-157.28698,21.14734],[-157.28793,21.14684],[-157.28822,21.14721],[-157.28909,21.14589],[-157.28938,21.14412],[-157.29101,21.14324],[-157.29092,21.1424],[-157.2893,21.1416],[-157.28968,21.14085],[-157.2908,21.1409],[-157.291,21.13998],[-157.29054,21.13851],[-157.28959,21.13769],[-157.29029,21.13696],[-157.29114,21.13691],[-157.29118,21.13615],[-157.29193,21.13628],[-157.29496,21.13394],[-157.29681,21.13344],[-157.29686,21.13075],[-157.29633,21.12995],[-157.2976,21.12796],[-157.29859,21.12793],[-157.29896,21.12529],[-157.30031,21.12478],[-157.30059,21.12404],[-157.30016,21.12206],[-157.29878,21.12077],[-157.30059,21.11528],[-157.30485,21.10954],[-157.30665,21.10803],[-157.30753,21.10476],[-157.31088,21.1021],[-157.31068,21.10119],[-157.30917,21.0999],[-157.30821,21.09799],[-157.30547,21.09661],[-157.30474,21.09518],[-157.30244,21.09515],[-157.30111,21.09413],[-157.29815,21.09317],[-157.29344,21.09389],[-157.29241,21.09347],[-157.28824,21.09358],[-157.28634,21.09296],[-157.28565,21.09214],[-157.28408,21.09297],[-157.2789,21.09191],[-157.27714,21.09083],[-157.27559,21.09129],[-157.27303,21.091],[-157.2679,21.09021],[-157.26364,21.08897],[-157.2615,21.08916],[-157.25445,21.08761],[-157.25227,21.08765],[-157.25109,21.08711],[-157.25173,21.08646],[-157.25025,21.08538],[-157.24986,21.08434],[-157.24995,21.08559],[-157.25086,21.08682],[-157.24675,21.08672],[-157.24867,21.08509],[-157.24865,21.08455],[-157.24525,21.08594],[-157.24267,21.08805],[-157.23469,21.08796],[-157.21821,21.08977],[-157.21389,21.09005],[-157.21124,21.0896],[-157.2051,21.09012],[-157.20178,21.08973],[-157.19975,21.09035],[-157.19654,21.09033],[-157.19232,21.0914],[-157.19063,21.09116],[-157.18614,21.09174],[-157.18475,21.09074],[-157.18296,21.09063],[-157.18008,21.09131],[-157.17776,21.09084],[-157.17308,21.09245],[-157.16918,21.09251],[-157.16131,21.09171],[-157.1594,21.09269],[-157.15668,21.09301],[-157.14982,21.0923],[-157.14909,21.09125],[-157.14659,21.09303],[-157.13792,21.09396],[-157.13147,21.09686],[-157.12805,21.09787],[-157.12711,21.09758],[-157.12663,21.09792],[-157.12544,21.09664],[-157.12573,21.09768],[-157.12222,21.09897],[-157.11953,21.0988],[-157.11901,21.098],[-157.11807,21.09914],[-157.11665,21.09859],[-157.11549,21.09879],[-157.11306,21.09998],[-157.11259,21.10088],[-157.11122,21.101],[-157.10798,21.10012],[-157.10669,21.10043],[-157.10501,21.1017],[-157.10344,21.10129],[-157.10327,21.10078],[-157.10121,21.10041],[-157.09985,21.10212],[-157.09745,21.10362],[-157.0944,21.1035],[-157.09336,21.10305],[-157.09289,21.10224],[-157.09248,21.1027],[-157.09155,21.10185],[-157.08741,21.10244],[-157.08145,21.10145],[-157.07919,21.10222],[-157.07838,21.10168],[-157.07841,21.10075],[-157.07756,21.1001],[-157.07634,21.10046],[-157.07582,21.10022],[-157.0759,21.09971],[-157.07502,21.09956],[-157.0742,21.10029],[-157.07325,21.09913],[-157.0723,21.09952],[-157.07046,21.09937],[-157.07069,21.09992],[-157.07169,21.10015],[-157.07049,21.1001],[-157.07061,21.10069],[-157.06996,21.10079],[-157.06668,21.10051],[-157.06487,21.09955],[-157.06385,21.09954],[-157.06296,21.10115],[-157.06223,21.10094],[-157.06235,21.10037],[-157.06291,21.10058],[-157.06312,21.10015],[-157.06282,21.09967],[-157.05853,21.09972],[-157.05636,21.09881],[-157.05511,21.09879],[-157.04795,21.09567],[-157.03961,21.09592],[-157.03451,21.09464],[-157.03347,21.09413],[-157.03357,21.09322],[-157.02881,21.08727],[-157.02512,21.08741],[-157.02351,21.08574],[-157.01829,21.08532],[-157.01236,21.08307],[-157.00876,21.08096],[-157.00262,21.07983],[-157.00288,21.07792],[-157.0014,21.07698],[-156.99967,21.0768],[-156.99833,21.07804],[-156.99675,21.07816],[-156.98503,21.07531],[-156.98269,21.0736],[-156.98163,21.0734],[-156.9816,21.07193],[-156.98024,21.06977],[-156.97883,21.06979],[-156.97724,21.07092],[-156.97532,21.07042],[-156.96878,21.07005],[-156.96647,21.06887],[-156.96684,21.06729],[-156.96474,21.06848],[-156.96186,21.0678],[-156.96107,21.06708],[-156.9539,21.06614],[-156.95108,21.06478],[-156.95002,21.06345],[-156.94224,21.06286],[-156.93505,21.06084],[-156.93275,21.06079],[-156.929,21.05991],[-156.92003,21.05936],[-156.91476,21.05671],[-156.91098,21.05659],[-156.90906,21.05569],[-156.90617,21.05626],[-156.90527,21.05529],[-156.9061,21.05459],[-156.90506,21.05458],[-156.90399,21.05575],[-156.90262,21.05609],[-156.90129,21.05567],[-156.90075,21.05459],[-156.89967,21.05431],[-156.89893,21.05435],[-156.89841,21.05511],[-156.89494,21.05522],[-156.89354,21.05452],[-156.89348,21.05173],[-156.89132,21.04928],[-156.88861,21.04869],[-156.88541,21.04919],[-156.88364,21.04663],[-156.88162,21.04655],[-156.88066,21.04802],[-156.88081,21.04709],[-156.875,21.04687],[-156.87443,21.04603],[-156.87305,21.04896],[-156.87215,21.04918],[-156.87127,21.05042],[-156.87007,21.05027],[-156.86968,21.04959],[-156.86889,21.04937],[-156.8664,21.05007],[-156.864,21.05226],[-156.86269,21.0521],[-156.86065,21.05267],[-156.8599,21.05373],[-156.85962,21.05528],[-156.85837,21.05494],[-156.85812,21.05564],[-156.85648,21.05601],[-156.85586,21.05662],[-156.85492,21.05624],[-156.85446,21.05669],[-156.85309,21.05659],[-156.85193,21.05734],[-156.84932,21.05644],[-156.8481,21.05456],[-156.84792,21.05377],[-156.84854,21.05217],[-156.85022,21.05161],[-156.85099,21.05076],[-156.85189,21.05073],[-156.84912,21.04871],[-156.84911,21.05103],[-156.84693,21.05355],[-156.84326,21.05428],[-156.84196,21.05418],[-156.84135,21.05363],[-156.83891,21.05485],[-156.83762,21.05362],[-156.83662,21.05354],[-156.83603,21.05393],[-156.8357,21.05546],[-156.83492,21.05584],[-156.83356,21.05796],[-156.8288,21.0594],[-156.82744,21.06062],[-156.82378,21.06158],[-156.82182,21.06112],[-156.82126,21.06283],[-156.81948,21.06335],[-156.81897,21.06485],[-156.81825,21.06523],[-156.81691,21.06489],[-156.81309,21.0655],[-156.81153,21.0653],[-156.81054,21.06587],[-156.81111,21.06656],[-156.81086,21.06688],[-156.80936,21.0668],[-156.80856,21.06627],[-156.81023,21.06618],[-156.81008,21.06573],[-156.80286,21.06669],[-156.80015,21.07],[-156.79921,21.06864],[-156.79854,21.06943],[-156.79863,21.07041],[-156.79954,21.07123],[-156.79875,21.0711],[-156.7981,21.07182],[-156.79822,21.07102],[-156.79747,21.07099],[-156.79773,21.06977],[-156.7971,21.06927],[-156.79639,21.07091],[-156.79452,21.07208],[-156.79263,21.0729],[-156.79119,21.07259],[-156.78893,21.07495],[-156.78869,21.07738],[-156.78792,21.0788],[-156.78317,21.08028],[-156.78313,21.08133],[-156.78232,21.08195],[-156.77924,21.08274],[-156.77529,21.08256],[-156.77433,21.08514],[-156.77296,21.08667],[-156.77147,21.08679],[-156.76986,21.08958],[-156.76792,21.09022],[-156.76634,21.09177],[-156.76446,21.0925],[-156.76168,21.0948],[-156.75801,21.09658],[-156.74824,21.10474],[-156.74624,21.10544],[-156.7454,21.10699],[-156.74387,21.1076],[-156.7444,21.10773],[-156.7443,21.10862],[-156.74503,21.1104],[-156.74456,21.11117],[-156.74277,21.1107],[-156.74133,21.11093],[-156.74077,21.11152],[-156.73963,21.11122],[-156.7393,21.11209],[-156.74041,21.11422],[-156.73967,21.11442],[-156.73813,21.11358],[-156.73771,21.1146],[-156.73702,21.11434],[-156.73576,21.11488],[-156.73589,21.11567],[-156.73471,21.11611],[-156.73466,21.11704],[-156.73238,21.11996],[-156.73214,21.12111],[-156.73109,21.12192],[-156.73071,21.12262],[-156.73093,21.12374],[-156.7297,21.12409],[-156.72896,21.12494],[-156.72942,21.12576],[-156.72914,21.12638],[-156.7275,21.12604],[-156.72491,21.12858],[-156.72296,21.1297],[-156.72287,21.13066],[-156.72125,21.13358],[-156.71978,21.13481],[-156.71817,21.13843],[-156.71717,21.13906],[-156.71727,21.14017],[-156.71513,21.14174],[-156.71488,21.1431],[-156.71283,21.14432],[-156.71387,21.14564],[-156.71322,21.14604],[-156.71337,21.14647],[-156.71144,21.14774],[-156.71096,21.14871],[-156.71144,21.15046],[-156.7107,21.15267],[-156.71175,21.15367],[-156.71191,21.15453],[-156.71134,21.15589],[-156.70978,21.157],[-156.71008,21.15842],[-156.7117,21.15968],[-156.71434,21.15989],[-156.71635,21.1606],[-156.71917,21.16023],[-156.72868,21.15755],[-156.73222,21.15944],[-156.73389,21.15893],[-156.73488,21.15778],[-156.73616,21.15902],[-156.73694,21.15899],[-156.73695,21.15864],[-156.7372,21.15835],[-156.73958,21.15873],[-156.7398,21.15765],[-156.74035,21.15745],[-156.74184,21.15836],[-156.73994,21.15771],[-156.74002,21.15879],[-156.73918,21.15926],[-156.7371,21.15855],[-156.73718,21.16046],[-156.73671,21.16074],[-156.73634,21.16039],[-156.73602,21.16107],[-156.73578,21.16851],[-156.73833,21.17214],[-156.74031,21.1733],[-156.74356,21.17357],[-156.74541,21.1742],[-156.75558,21.17484],[-156.76032,21.17464],[-156.76543,21.17601],[-156.76669,21.17565],[-156.76926,21.17645],[-156.77088,21.17597],[-156.77305,21.17374],[-156.77629,21.17446],[-156.77968,21.17312],[-156.78241,21.17409],[-156.78519,21.1738],[-156.78716,21.17214],[-156.78867,21.16889],[-156.79005,21.16936],[-156.79055,21.16829],[-156.79206,21.16792],[-156.79457,21.16764],[-156.79588,21.16795],[-156.79823,21.17036],[-156.80057,21.17431],[-156.80443,21.17522],[-156.80815,21.17284],[-156.81151,21.173],[-156.81428,21.17207],[-156.81771,21.17199],[-156.81922,21.17139],[-156.82157,21.16918],[-156.8231,21.16839],[-156.82557,21.16752],[-156.82725,21.16809],[-156.82705,21.16631],[-156.83164,21.16383],[-156.83346,21.1637],[-156.8388,21.16467],[-156.84149,21.16633],[-156.84361,21.16688],[-156.84761,21.16596],[-156.85187,21.16348],[-156.86027,21.16309],[-156.86589,21.1614],[-156.86844,21.16183],[-156.87119,21.16491],[-156.87275,21.16546],[-156.87401,21.16686],[-156.87378,21.16558],[-156.87477,21.1648],[-156.87565,21.16498],[-156.87616,21.16634],[-156.87692,21.16698],[-156.87774,21.16512],[-156.8784,21.16467],[-156.87846,21.16294],[-156.87941,21.16095],[-156.8831,21.16135],[-156.88445,21.16411],[-156.8841,21.16522],[-156.88542,21.16821],[-156.89049,21.16842],[-156.8945,21.17019],[-156.89272,21.16633],[-156.8943,21.16648],[-156.89532,21.16382],[-156.89711,21.16275],[-156.89761,21.16162],[-156.8986,21.16315],[-156.90028,21.16218],[-156.90196,21.1621],[-156.90269,21.16262],[-156.90216,21.16386],[-156.90434,21.16519],[-156.90671,21.16516],[-156.90778,21.16417],[-156.91106,21.16472],[-156.91344,21.16581],[-156.91473,21.16735],[-156.91394,21.169],[-156.9146,21.16992],[-156.91544,21.17006],[-156.915,21.17161],[-156.91614,21.17045],[-156.91701,21.17049],[-156.91789,21.16924],[-156.91943,21.16863],[-156.92167,21.16952],[-156.92675,21.16964],[-156.92728,21.1713],[-156.92859,21.17271],[-156.92937,21.17275],[-156.92881,21.17065],[-156.93194,21.16909],[-156.93562,21.16982],[-156.93829,21.17141],[-156.94229,21.17194],[-156.94394,21.17296],[-156.94453,21.17363],[-156.94451,21.17598],[-156.94501,21.17699],[-156.94569,21.17662],[-156.9456,21.17719],[-156.9464,21.1783],[-156.94722,21.1784],[-156.94718,21.17887],[-156.94811,21.17963],[-156.94812,21.18293],[-156.94881,21.18335],[-156.94837,21.184],[-156.94895,21.18543],[-156.94815,21.1859],[-156.94842,21.18687],[-156.94926,21.18731],[-156.94884,21.18853],[-156.94936,21.18865],[-156.94931,21.18944],[-156.95015,21.1897],[-156.94966,21.19024],[-156.9505,21.19095],[-156.95041,21.19156],[-156.95088,21.19142],[-156.95083,21.19201],[-156.95149,21.1917],[-156.95169,21.1932],[-156.95256,21.19397],[-156.95236,21.19512],[-156.95283,21.1951],[-156.95277,21.19567],[-156.95343,21.19553],[-156.95352,21.19628],[-156.95449,21.1967],[-156.95441,21.19724],[-156.95549,21.19811],[-156.95535,21.19853],[-156.95624,21.19905],[-156.95587,21.20046],[-156.95637,21.20031],[-156.95662,21.20092],[-156.9571,21.20071],[-156.95705,21.20216],[-156.95784,21.20239],[-156.9577,21.2039],[-156.95714,21.20461],[-156.95819,21.2058],[-156.95798,21.2065],[-156.95869,21.20603],[-156.95857,21.20661],[-156.95933,21.20747],[-156.95985,21.20727],[-156.95976,21.20861],[-156.96097,21.20961],[-156.96197,21.20946],[-156.96204,21.21002],[-156.96278,21.20969],[-156.96394,21.21016],[-156.96391,21.21092],[-156.96582,21.21219],[-156.96548,21.21362],[-156.96606,21.21326],[-156.96687,21.21406],[-156.96805,21.21406],[-156.96897,21.21358],[-156.96917,21.21447],[-156.97128,21.21537],[-156.97119,21.21496],[-156.97215,21.215],[-156.9723,21.21401],[-156.97291,21.21434],[-156.97368,21.21341],[-156.97465,21.2134],[-156.97544,21.21417],[-156.97539,21.21348],[-156.9758,21.21357],[-156.97696,21.21203],[-156.97696,21.21059],[-156.98011,21.20857],[-156.9807,21.20696],[-156.98166,21.20689],[-156.97954,21.20519],[-156.97972,21.20231],[-156.97995,21.20174],[-156.98198,21.20088],[-156.98147,21.19937],[-156.98316,21.19699],[-156.98386,21.19255],[-156.98529,21.19199],[-156.98454,21.18783],[-156.98628,21.18449],[-156.98797,21.1827],[-156.99153,21.18088],[-156.99591,21.1796],[-157.0002,21.17905],[-157.00224,21.1797],[-157.00434,21.1811],[-157.01007,21.18195],[-157.01431,21.18393],[-157.01895,21.18375],[-157.02417,21.18506],[-157.02603,21.18605],[-157.03155,21.18648],[-157.04034,21.18843],[-157.04364,21.18829],[-157.04995,21.18584],[-157.06039,21.18567],[-157.06671,21.18873],[-157.07089,21.18881],[-157.07113,21.18914],[-157.07145,21.1887],[-157.0738,21.18861],[-157.07815,21.19025],[-157.08064,21.19012],[-157.08317,21.19155],[-157.0849,21.19147],[-157.08857,21.1934],[-157.09074,21.19378],[-157.09199,21.19489],[-157.09388,21.19525],[-157.09692,21.1945],[-157.09786,21.19519],[-157.09959,21.19501],[-157.10168,21.19618],[-157.10501,21.19472],[-157.10631,21.19529],[-157.11113,21.19438],[-157.11209,21.19544],[-157.11207,21.19499],[-157.11249,21.19549],[-157.11295,21.19512],[-157.11497,21.19559],[-157.11598,21.19668],[-157.11735,21.19638],[-157.11822,21.19679],[-157.1186,21.19776],[-157.11995,21.19659],[-157.12088,21.19711],[-157.12242,21.19677],[-157.12597,21.19888],[-157.12691,21.1983],[-157.12756,21.19893],[-157.1279,21.19871],[-157.12793,21.19911],[-157.12833,21.19865],[-157.12857,21.19931],[-157.12971,21.19958],[-157.13091,21.19846],[-157.13171,21.19863],[-157.13197,21.1981],[-157.13313,21.19793],[-157.13397,21.1988],[-157.13559,21.19834],[-157.13612,21.19953],[-157.1367,21.19899],[-157.14053,21.19979],[-157.14166,21.199],[-157.14294,21.19956],[-157.14337,21.19911],[-157.14302,21.19839],[-157.14325,21.19702],[-157.14435,21.19684],[-157.14616,21.19766],[-157.14833,21.19712],[-157.14957,21.19751],[-157.15024,21.199],[-157.1509,21.19907],[-157.15141,21.19855],[-157.1513,21.19898],[-157.15174,21.19877],[-157.15776,21.20204],[-157.15989,21.20215],[-157.16471,21.20102],[-157.17079,21.20105],[-157.17268,21.20142],[-157.17553,21.20291],[-157.17817,21.20337],[-157.17994,21.20342],[-157.18205,21.2025],[-157.18386,21.2032],[-157.18585,21.203],[-157.18827,21.20388],[-157.19194,21.20658],[-157.19395,21.20933],[-157.1967,21.21453],[-157.19839,21.21437],[-157.20059,21.21716],[-157.20108,21.21662],[-157.20065,21.21624],[-157.20128,21.21627],[-157.20129,21.21544],[-157.20236,21.21485],[-157.20441,21.21603],[-157.20459,21.21726],[-157.20547,21.21661],[-157.20647,21.21692],[-157.21154,21.22089],[-157.21476,21.21853],[-157.21687,21.21783],[-157.22285,21.21717],[-157.22448,21.2175],[-157.22752,21.21722],[-157.23224,21.21815],[-157.23588,21.21757],[-157.23886,21.21784],[-157.24302,21.21995],[-157.24449,21.21966],[-157.24563,21.22114],[-157.24717,21.22089],[-157.25165,21.22294],[-157.25263,21.22387],[-157.25398,21.22417]]]]}},{"id":"8","type":"Feature","properties":{"objectid":9,"county":"OAHU","state_senate":"S09","senate_name":"State Senate District 9","senate_id":9,"senate_abbr":"9TH SEN. DIST.","st_areashape":47696447.613320164,"st_perimetershape":41693.50807700524,"GEOID":"15009","geoid":"15009","name":"State Senate District 9 (2024); Hawaii","below_poverty":3423,"total_population":53119,"median_income":145792,"bachelors_plus":13303,"pop_25_plus":40981,"renter_occupied":4521,"total_housing_units":19112,"b25070_007e":184,"b25070_008e":219,"b25070_009e":341,"b25070_010e":1474,"b25070_001e":4521,"median_rent":2745,"b25077_001e":1310400,"b08303_001e":21520,"b08303_008e":4517,"b08303_009e":689,"b08303_010e":736,"b08303_011e":1663,"b08303_012e":817,"b08303_013e":317,"public_transit_workers":549,"b23025_003e":26993,"b23025_005e":1160,"state":15,"sldust":9,"NAME":"State Senate District 9 (2024); Hawaii","poverty_rate":6.44,"bachelors_rate":32.46,"college_educated_pct":32.46,"renter_rate":23.66,"rent_burden_households":2218,"rent_burden_rate":49.06,"severe_rent_burden_rate":32.6,"median_home_value":1310400,"unemployment_rate":4.3,"public_transportation_pct":2.55,"travel_time_to_work_minutes":43.3,"high_school_or_higher_pct":96.72,"white_pct":38.56,"black_pct":1.57,"asian_pct":68.16,"nhpi_pct":15.15,"hispanic_pct":4.67,"vacancy_rate":12.49,"total_households":19112,"snap_households":557,"NAME_tax":"State Senate District 09; Hawaii; Hawaii","state_tax":15,"district_x":9,"total_returns":52510.590527559165,"eitc_returns":3433.5398907059266,"eitc_participation_rate":6.53875695590187,"federal_eitc_avg_amount":1671.1499277145397,"federal_eitc_total_amount":5737959.940158198,"state_eitc_avg_amount":668.4599710858159,"state_eitc_total_amount":2295183.976063279,"ctc_returns":1971.556154178293,"ctc_participation_rate":3.7545876638800304,"ctc_avg_amount":1125.2015225276173,"ctc_total_amount":2218397.986430109,"total_population_tax":370734,"district_y":9,"alice_rate":27.0,"snap_household_rate":4.130000000000001,"snap_benefit_annual_per_household":8928.4,"snap_benefits_annual_total":7050246.86,"total_schools":12,"cep_schools":1,"cep_percentage":8.333333333333332,"cep_display":"1/12 CEP schools","geoid_str":"15009"},"geometry":{"type":"Polygon","coordinates":[[[-157.75564,21.33057],[-157.75812,21.3313],[-157.7592,21.33053],[-157.7613,21.32541],[-157.76324,21.32396],[-157.7643,21.32121],[-157.76686,21.31818],[-157.76867,21.31515],[-157.76965,21.31151],[-157.76965,21.30951],[-157.77141,21.30695],[-157.77229,21.306],[-157.77696,21.3043],[-157.77786,21.30306],[-157.77903,21.30261],[-157.78059,21.30103],[-157.7807,21.29967],[-157.7813,21.29902],[-157.78437,21.29815],[-157.7853,21.29047],[-157.78677,21.28635],[-157.78809,21.27872],[-157.79104,21.27914],[-157.79451,21.27847],[-157.79692,21.27873],[-157.80598,21.28322],[-157.80645,21.28241],[-157.80526,21.28181],[-157.80801,21.27713],[-157.8099,21.27809],[-157.80991,21.27746],[-157.81496,21.27622],[-157.81715,21.27293],[-157.82045,21.27181],[-157.82318,21.27145],[-157.82305,21.26836],[-157.82205,21.26511],[-157.82277,21.26499],[-157.82253,21.26392],[-157.82217,21.26398],[-157.82182,21.2631],[-157.82143,21.26114],[-157.82007,21.26027],[-157.81866,21.25775],[-157.8173,21.25753],[-157.81491,21.25613],[-157.81125,21.25598],[-157.80821,21.25496],[-157.79613,21.25737],[-157.79489,21.25595],[-157.79341,21.25523],[-157.7916,21.25519],[-157.79066,21.25606],[-157.79107,21.25827],[-157.79068,21.25888],[-157.78533,21.26158],[-157.78044,21.26484],[-157.77597,21.27017],[-157.77467,21.27088],[-157.77425,21.27059],[-157.77416,21.27105],[-157.77218,21.27157],[-157.77196,21.27202],[-157.76877,21.27265],[-157.76343,21.27559],[-157.76132,21.27616],[-157.75965,21.27606],[-157.75871,21.27398],[-157.75715,21.27349],[-157.7549,21.2742],[-157.75442,21.2762],[-157.74813,21.27747],[-157.74284,21.27998],[-157.73868,21.27997],[-157.73633,21.28056],[-157.73557,21.27978],[-157.73408,21.27976],[-157.73347,21.28037],[-157.73341,21.28167],[-157.73268,21.28202],[-157.7278,21.28118],[-157.72441,21.28118],[-157.72278,21.28145],[-157.72271,21.2822],[-157.7237,21.2819],[-157.72435,21.28231],[-157.72468,21.28166],[-157.72519,21.28188],[-157.72589,21.28128],[-157.72746,21.28175],[-157.7281,21.28258],[-157.72297,21.28448],[-157.72266,21.28415],[-157.72317,21.2838],[-157.72053,21.28401],[-157.7189,21.28474],[-157.71875,21.28535],[-157.71834,21.28371],[-157.71448,21.28209],[-157.71422,21.28243],[-157.71342,21.28152],[-157.71222,21.28119],[-157.71146,21.28259],[-157.70889,21.28327],[-157.7094,21.28511],[-157.70906,21.28525],[-157.70784,21.28397],[-157.70707,21.28397],[-157.70422,21.28609],[-157.70013,21.28827],[-157.70212,21.28829],[-157.70108,21.28953],[-157.70155,21.2898],[-157.70318,21.28882],[-157.7046,21.28974],[-157.70284,21.29138],[-157.70224,21.29375],[-157.70292,21.29721],[-157.70366,21.29846],[-157.70311,21.3],[-157.70381,21.30208],[-157.70069,21.30555],[-157.7041,21.30744],[-157.7041,21.30876],[-157.70484,21.30981],[-157.70472,21.3113],[-157.70679,21.31441],[-157.70638,21.31667],[-157.70717,21.31775],[-157.70977,21.31825],[-157.71077,21.31705],[-157.71277,21.31745],[-157.71367,21.31695],[-157.71687,21.31715],[-157.71897,21.31845],[-157.72137,21.31865],[-157.72587,21.32415],[-157.72767,21.32325],[-157.73097,21.32265],[-157.73487,21.32335],[-157.73707,21.32305],[-157.74753,21.32578],[-157.7492,21.32724],[-157.75286,21.32789],[-157.75564,21.33057]]]}},{"id":"9","type":"Feature","properties":{"objectid":10,"county":"OAHU","state_senate":"S10","senate_name":"State Senate District 10","senate_id":10,"senate_abbr":"10TH SEN. DIST.","st_areashape":19015653.825241353,"st_perimetershape":25569.68049707771,"GEOID":"15010","geoid":"15010","name":"State Senate District 10 (2024); Hawaii","below_poverty":5790,"total_population":51959,"median_income":84220,"bachelors_plus":10937,"pop_25_plus":41073,"renter_occupied":10948,"total_housing_units":21917,"b25070_007e":1358,"b25070_008e":461,"b25070_009e":915,"b25070_010e":2725,"b25070_001e":10948,"median_rent":1718,"b25077_001e":899800,"b08303_001e":25876,"b08303_008e":4116,"b08303_009e":626,"b08303_010e":463,"b08303_011e":1286,"b08303_012e":711,"b08303_013e":225,"public_transit_workers":1543,"b23025_003e":30200,"b23025_005e":989,"state":15,"sldust":10,"NAME":"State Senate District 10 (2024); Hawaii","poverty_rate":11.14,"bachelors_rate":26.63,"college_educated_pct":26.63,"renter_rate":49.95,"rent_burden_households":5459,"rent_burden_rate":49.86,"severe_rent_burden_rate":24.89,"median_home_value":899800,"unemployment_rate":3.27,"public_transportation_pct":5.96,"travel_time_to_work_minutes":42.49,"high_school_or_higher_pct":92.82,"white_pct":33.92,"black_pct":2.96,"asian_pct":68.22,"nhpi_pct":17.56,"hispanic_pct":6.18,"vacancy_rate":8.58,"total_households":21917,"snap_households":1713,"NAME_tax":"State Senate District 10; Hawaii; Hawaii","state_tax":15,"district_x":10,"total_returns":54562.53662034564,"eitc_returns":5644.322621482515,"eitc_participation_rate":10.34468514680056,"federal_eitc_avg_amount":1956.4673825305324,"federal_eitc_total_amount":11042933.10540977,"state_eitc_avg_amount":782.586953012213,"state_eitc_total_amount":4417173.242163908,"ctc_returns":3184.9701799290474,"ctc_participation_rate":5.83728392631477,"ctc_avg_amount":1341.9774160329855,"ctc_total_amount":4274158.052203296,"total_population_tax":384510,"district_y":10,"alice_rate":51.0,"snap_household_rate":11.08,"snap_benefit_annual_per_household":8928.4,"snap_benefits_annual_total":21682357.03,"total_schools":8,"cep_schools":6,"cep_percentage":75.0,"cep_display":"6/8 CEP schools","geoid_str":"15010"},"geometry":{"type":"Polygon","coordinates":[[[-157.77917,21.33585],[-157.78347,21.33095],[-157.78697,21.32545],[-157.79007,21.31665],[-157.79137,21.31475],[-157.79427,21.31265],[-157.79547,21.30815],[-157.79677,21.30745],[-157.79918,21.30721],[-157.80597,21.30445],[-157.80887,21.30205],[-157.81191,21.29677],[-157.81043,21.29637],[-157.81144,21.29483],[-157.81126,21.29413],[-157.8123,21.29392],[-157.81433,21.29178],[-157.81525,21.2925],[-157.81577,21.2921],[-157.81792,21.29298],[-157.81925,21.29234],[-157.82125,21.29454],[-157.82412,21.29621],[-157.82552,21.29324],[-157.82893,21.29445],[-157.83119,21.28905],[-157.83234,21.28947],[-157.83279,21.28836],[-157.81764,21.27519],[-157.81798,21.2749],[-157.81671,21.27384],[-157.81635,21.27382],[-157.81496,21.27622],[-157.80991,21.27746],[-157.8099,21.27809],[-157.80801,21.27713],[-157.80526,21.28181],[-157.80645,21.28241],[-157.80598,21.28322],[-157.79692,21.27873],[-157.79451,21.27847],[-157.79104,21.27914],[-157.78809,21.27872],[-157.78677,21.28635],[-157.7853,21.29047],[-157.78437,21.29815],[-157.7813,21.29902],[-157.7807,21.29967],[-157.78071,21.30085],[-157.77921,21.30246],[-157.77797,21.30297],[-157.7768,21.30439],[-157.77229,21.306],[-157.77082,21.30765],[-157.76965,21.30951],[-157.76965,21.31151],[-157.7684,21.31566],[-157.7643,21.32121],[-157.76324,21.32396],[-157.76149,21.32512],[-157.7592,21.33053],[-157.75812,21.3313],[-157.75892,21.33187],[-157.76817,21.33225],[-157.77157,21.33315],[-157.77557,21.33565],[-157.77917,21.33585]]]}},{"id":"10","type":"Feature","properties":{"objectid":11,"county":"OAHU","state_senate":"S11","senate_name":"State Senate District 11","senate_id":11,"senate_abbr":"11TH SEN. DIST.","st_areashape":23847198.877308913,"st_perimetershape":23861.40899342208,"GEOID":"15011","geoid":"15011","name":"State Senate District 11 (2024); Hawaii","below_poverty":6488,"total_population":53817,"median_income":90058,"bachelors_plus":13195,"pop_25_plus":43164,"renter_occupied":11750,"total_housing_units":24264,"b25070_007e":1002,"b25070_008e":756,"b25070_009e":839,"b25070_010e":3060,"b25070_001e":11750,"median_rent":1757,"b25077_001e":761200,"b08303_001e":26815,"b08303_008e":3205,"b08303_009e":272,"b08303_010e":609,"b08303_011e":661,"b08303_012e":665,"b08303_013e":395,"public_transit_workers":1698,"b23025_003e":32384,"b23025_005e":1935,"state":15,"sldust":11,"NAME":"State Senate District 11 (2024); Hawaii","poverty_rate":12.06,"bachelors_rate":30.57,"college_educated_pct":30.57,"renter_rate":48.43,"rent_burden_households":5657,"rent_burden_rate":48.14,"severe_rent_burden_rate":26.04,"median_home_value":761200,"unemployment_rate":5.98,"public_transportation_pct":6.33,"travel_time_to_work_minutes":44.71,"high_school_or_higher_pct":94.38,"white_pct":35.68,"black_pct":3.01,"asian_pct":63.67,"nhpi_pct":21.13,"hispanic_pct":5.86,"vacancy_rate":7.85,"total_households":24264,"snap_households":2329,"NAME_tax":"State Senate District 11; Hawaii; Hawaii","state_tax":15,"district_x":11,"total_returns":54115.04401146182,"eitc_returns":4937.029207054327,"eitc_participation_rate":9.12321018533892,"federal_eitc_avg_amount":1759.9009982860025,"federal_eitc_total_amount":8688682.630062062,"state_eitc_avg_amount":703.960399314401,"state_eitc_total_amount":3475473.052024825,"ctc_returns":2530.8783082782156,"ctc_participation_rate":4.67684791634312,"ctc_avg_amount":1391.7824097303287,"ctc_total_amount":3522431.910629673,"total_population_tax":382704,"district_y":11,"alice_rate":49.0,"snap_household_rate":13.61,"snap_benefit_annual_per_household":8928.4,"snap_benefits_annual_total":29479398.43,"total_schools":9,"cep_schools":2,"cep_percentage":22.22222222222222,"cep_display":"2/9 CEP schools","geoid_str":"15011"},"geometry":{"type":"Polygon","coordinates":[[[-157.789,21.35179],[-157.78908,21.35322],[-157.79142,21.35172],[-157.7919,21.35192],[-157.79424,21.35093],[-157.79491,21.34993],[-157.79889,21.34694],[-157.80006,21.34684],[-157.80161,21.34555],[-157.80347,21.34505],[-157.80827,21.34115],[-157.80817,21.33905],[-157.81047,21.33815],[-157.81417,21.33485],[-157.82447,21.33015],[-157.83097,21.32494],[-157.83371,21.32111],[-157.83512,21.31999],[-157.83709,21.31902],[-157.83711,21.32074],[-157.84077,21.31862],[-157.84329,21.318],[-157.84277,21.31669],[-157.84172,21.31619],[-157.84206,21.31597],[-157.84413,21.31579],[-157.84714,21.31653],[-157.84939,21.31544],[-157.85022,21.31364],[-157.85051,21.31147],[-157.8493,21.30893],[-157.84759,21.30834],[-157.8502,21.30201],[-157.82552,21.29324],[-157.82412,21.29621],[-157.82125,21.29454],[-157.81925,21.29234],[-157.81792,21.29298],[-157.81577,21.2921],[-157.81525,21.2925],[-157.81433,21.29178],[-157.8123,21.29392],[-157.81126,21.29413],[-157.81144,21.29483],[-157.81043,21.29637],[-157.81191,21.29677],[-157.80887,21.30205],[-157.80597,21.30445],[-157.79918,21.30721],[-157.79677,21.30745],[-157.79547,21.30815],[-157.79427,21.31265],[-157.79137,21.31475],[-157.79007,21.31665],[-157.78697,21.32545],[-157.78347,21.33095],[-157.77917,21.33585],[-157.78227,21.33715],[-157.78717,21.34115],[-157.78807,21.34305],[-157.78862,21.34874],[-157.7892,21.35003],[-157.789,21.35179]]]}},{"id":"11","type":"Feature","properties":{"objectid":12,"county":"OAHU","state_senate":"S12","senate_name":"State Senate District 12","senate_id":12,"senate_abbr":"12TH SEN. DIST.","st_areashape":7079510.004074912,"st_perimetershape":23117.76445867734,"GEOID":"15012","geoid":"15012","name":"State Senate District 12 (2024); Hawaii","below_poverty":7232,"total_population":54685,"median_income":75933,"bachelors_plus":13950,"pop_25_plus":46917,"renter_occupied":16942,"total_housing_units":30908,"b25070_007e":1386,"b25070_008e":881,"b25070_009e":2069,"b25070_010e":4436,"b25070_001e":16942,"median_rent":1839,"b25077_001e":679200,"b08303_001e":26780,"b08303_008e":3903,"b08303_009e":474,"b08303_010e":442,"b08303_011e":1153,"b08303_012e":440,"b08303_013e":239,"public_transit_workers":2298,"b23025_003e":32331,"b23025_005e":1709,"state":15,"sldust":12,"NAME":"State Senate District 12 (2024); Hawaii","poverty_rate":13.22,"bachelors_rate":29.73,"college_educated_pct":29.73,"renter_rate":54.81,"rent_burden_households":8772,"rent_burden_rate":51.78,"severe_rent_burden_rate":26.18,"median_home_value":679200,"unemployment_rate":5.29,"public_transportation_pct":8.58,"travel_time_to_work_minutes":41.56,"high_school_or_higher_pct":93.87,"white_pct":36.57,"black_pct":3.99,"asian_pct":65.12,"nhpi_pct":9.79,"hispanic_pct":5.34,"vacancy_rate":25.04,"total_households":30908,"snap_households":2526,"NAME_tax":"State Senate District 12; Hawaii; Hawaii","state_tax":15,"district_x":12,"total_returns":59263.150826269695,"eitc_returns":5732.482596206339,"eitc_participation_rate":9.6729291579706,"federal_eitc_avg_amount":1671.036776594196,"federal_eitc_total_amount":9579189.239446968,"state_eitc_avg_amount":668.4147106376785,"state_eitc_total_amount":3831675.695778787,"ctc_returns":2731.0370650739073,"ctc_participation_rate":4.60832241788824,"ctc_avg_amount":1448.6093322237596,"ctc_total_amount":3956205.779115049,"total_population_tax":394674,"district_y":12,"alice_rate":56.99999999999999,"snap_household_rate":11.59,"snap_benefit_annual_per_household":8928.4,"snap_benefits_annual_total":31972932.78,"total_schools":4,"cep_schools":2,"cep_percentage":50.0,"cep_display":"2/4 CEP schools","geoid_str":"15012"},"geometry":{"type":"Polygon","coordinates":[[[-157.86424,21.30947],[-157.86431,21.30997],[-157.86484,21.30956],[-157.86443,21.30906],[-157.86654,21.30727],[-157.8663,21.30561],[-157.86482,21.30643],[-157.86447,21.3059],[-157.86554,21.3054],[-157.86436,21.3057],[-157.86407,21.30525],[-157.86505,21.30415],[-157.86369,21.30392],[-157.86365,21.30346],[-157.86456,21.30338],[-157.86418,21.30314],[-157.86773,21.29901],[-157.86914,21.29601],[-157.86979,21.2955],[-157.86731,21.29513],[-157.86494,21.29282],[-157.86116,21.29034],[-157.86002,21.29157],[-157.86007,21.29238],[-157.85944,21.29255],[-157.85941,21.2934],[-157.85881,21.29318],[-157.85739,21.29444],[-157.85503,21.29322],[-157.85605,21.29115],[-157.85808,21.29222],[-157.85942,21.29085],[-157.85593,21.29083],[-157.85513,21.29122],[-157.85257,21.28988],[-157.84934,21.28921],[-157.84699,21.28817],[-157.84635,21.2874],[-157.84639,21.28671],[-157.84836,21.28417],[-157.84808,21.28355],[-157.84721,21.28379],[-157.84623,21.28303],[-157.84602,21.2817],[-157.84428,21.28787],[-157.84321,21.28756],[-157.8413,21.28822],[-157.84103,21.28779],[-157.8404,21.28794],[-157.8412,21.28683],[-157.83985,21.28508],[-157.83943,21.28357],[-157.8402,21.28438],[-157.84096,21.28387],[-157.84284,21.28639],[-157.84311,21.2862],[-157.84049,21.28276],[-157.84119,21.2824],[-157.84353,21.28552],[-157.84385,21.28531],[-157.8403,21.28096],[-157.83831,21.28142],[-157.83349,21.27764],[-157.82973,21.27664],[-157.82974,21.2763],[-157.82796,21.27645],[-157.82649,21.27576],[-157.82462,21.27443],[-157.82318,21.27145],[-157.82024,21.27186],[-157.81661,21.27335],[-157.81635,21.27382],[-157.81798,21.2749],[-157.81764,21.27519],[-157.83279,21.28836],[-157.83234,21.28947],[-157.83119,21.28905],[-157.82893,21.29445],[-157.85405,21.30339],[-157.85548,21.30341],[-157.85992,21.30597],[-157.86146,21.30739],[-157.86313,21.30622],[-157.86428,21.308],[-157.86424,21.30947]]]}},{"id":"12","type":"Feature","properties":{"objectid":13,"county":"OAHU","state_senate":"S13","senate_name":"State Senate District 13","senate_id":13,"senate_abbr":"13TH SEN. DIST.","st_areashape":24418451.14478172,"st_perimetershape":31451.10102044812,"GEOID":"15013","geoid":"15013","name":"State Senate District 13 (2024); Hawaii","below_poverty":8260,"total_population":53091,"median_income":73966,"bachelors_plus":9240,"pop_25_plus":41249,"renter_occupied":12610,"total_housing_units":21657,"b25070_007e":1298,"b25070_008e":967,"b25070_009e":1056,"b25070_010e":2896,"b25070_001e":12610,"median_rent":1555,"b25077_001e":836100,"b08303_001e":23171,"b08303_008e":3542,"b08303_009e":395,"b08303_010e":743,"b08303_011e":983,"b08303_012e":642,"b08303_013e":224,"public_transit_workers":2921,"b23025_003e":27515,"b23025_005e":1575,"state":15,"sldust":13,"NAME":"State Senate District 13 (2024); Hawaii","poverty_rate":15.56,"bachelors_rate":22.4,"college_educated_pct":22.4,"renter_rate":58.23,"rent_burden_households":6217,"rent_burden_rate":49.3,"severe_rent_burden_rate":22.97,"median_home_value":836100,"unemployment_rate":5.72,"public_transportation_pct":12.61,"travel_time_to_work_minutes":42.79,"high_school_or_higher_pct":86.58,"white_pct":25.11,"black_pct":4.35,"asian_pct":71.62,"nhpi_pct":23.77,"hispanic_pct":6.45,"vacancy_rate":9.19,"total_households":21657,"snap_households":3398,"NAME_tax":"State Senate District 13; Hawaii; Hawaii","state_tax":15,"district_x":13,"total_returns":54088.50583928939,"eitc_returns":7731.457516291901,"eitc_participation_rate":14.294085954720229,"federal_eitc_avg_amount":2188.9663202880843,"federal_eitc_total_amount":16923900.109901134,"state_eitc_avg_amount":875.5865281152337,"state_eitc_total_amount":6769560.043960454,"ctc_returns":4456.94661188682,"ctc_participation_rate":8.24009933853513,"ctc_avg_amount":1362.4672022554912,"ctc_total_amount":6072443.580899526,"total_population_tax":388129,"district_y":13,"alice_rate":56.99999999999999,"snap_household_rate":22.24,"snap_benefit_annual_per_household":8928.4,"snap_benefits_annual_total":43010303.08,"total_schools":11,"cep_schools":3,"cep_percentage":27.27272727272727,"cep_display":"3/11 CEP schools","geoid_str":"15013"},"geometry":{"type":"Polygon","coordinates":[[[-157.79006,21.35272],[-157.78908,21.35322],[-157.7883,21.35517],[-157.78851,21.35879],[-157.78939,21.36211],[-157.79169,21.36503],[-157.79422,21.36647],[-157.79742,21.36729],[-157.80733,21.36805],[-157.80797,21.36888],[-157.80967,21.36935],[-157.81357,21.36585],[-157.81947,21.36235],[-157.82107,21.36215],[-157.82617,21.35925],[-157.83077,21.35455],[-157.83327,21.35305],[-157.83627,21.34995],[-157.84137,21.34635],[-157.84407,21.34565],[-157.84517,21.34455],[-157.84634,21.34135],[-157.84637,21.33995],[-157.84796,21.33915],[-157.84938,21.33766],[-157.84965,21.33798],[-157.85015,21.33719],[-157.8498,21.33676],[-157.85129,21.33587],[-157.85109,21.33559],[-157.85196,21.33484],[-157.85104,21.33363],[-157.85286,21.33174],[-157.85239,21.33115],[-157.85451,21.32918],[-157.85682,21.32834],[-157.85837,21.32914],[-157.86025,21.3278],[-157.86292,21.32672],[-157.86427,21.3291],[-157.86666,21.32772],[-157.86715,21.32657],[-157.86744,21.32697],[-157.86885,21.32506],[-157.87352,21.32203],[-157.87755,21.32015],[-157.87724,21.31993],[-157.87958,21.31667],[-157.87866,21.31622],[-157.87797,21.3174],[-157.87729,21.31707],[-157.87769,21.31593],[-157.87693,21.31738],[-157.87627,21.31701],[-157.87807,21.31389],[-157.86968,21.30857],[-157.86955,21.30899],[-157.87163,21.31065],[-157.87145,21.31092],[-157.86965,21.30983],[-157.87066,21.31227],[-157.87,21.31248],[-157.86911,21.31009],[-157.86761,21.31043],[-157.86704,21.31405],[-157.86608,21.31395],[-157.8654,21.31298],[-157.86563,21.311],[-157.86492,21.31067],[-157.86563,21.31041],[-157.86555,21.30999],[-157.86431,21.30997],[-157.86428,21.308],[-157.86313,21.30622],[-157.86146,21.30739],[-157.85992,21.30597],[-157.85548,21.30341],[-157.85481,21.30362],[-157.8502,21.30201],[-157.84759,21.30834],[-157.8493,21.30893],[-157.85051,21.31147],[-157.85022,21.31364],[-157.84939,21.31544],[-157.84714,21.31653],[-157.84413,21.31579],[-157.84206,21.31597],[-157.84172,21.31619],[-157.84277,21.31669],[-157.84329,21.318],[-157.84077,21.31862],[-157.83711,21.32074],[-157.83709,21.31902],[-157.83488,21.32014],[-157.83097,21.32494],[-157.82447,21.33015],[-157.81415,21.33486],[-157.81047,21.33815],[-157.80817,21.33905],[-157.80827,21.34115],[-157.80347,21.34505],[-157.80161,21.34555],[-157.80006,21.34684],[-157.79889,21.34694],[-157.79491,21.34993],[-157.79424,21.35093],[-157.7919,21.35192],[-157.79142,21.35172],[-157.79006,21.35272]]]}},{"id":"13","type":"Feature","properties":{"objectid":14,"county":"OAHU","state_senate":"S14","senate_name":"State Senate District 14","senate_id":14,"senate_abbr":"14TH SEN. DIST.","st_areashape":56146150.526177384,"st_perimetershape":31671.67681017098,"GEOID":"15014","geoid":"15014","name":"State Senate District 14 (2024); Hawaii","below_poverty":6550,"total_population":52323,"median_income":104963,"bachelors_plus":7506,"pop_25_plus":38363,"renter_occupied":6031,"total_housing_units":14388,"b25070_007e":619,"b25070_008e":278,"b25070_009e":518,"b25070_010e":1429,"b25070_001e":6031,"median_rent":2024,"b25077_001e":1001500,"b08303_001e":24778,"b08303_008e":5123,"b08303_009e":218,"b08303_010e":547,"b08303_011e":1224,"b08303_012e":1079,"b08303_013e":284,"public_transit_workers":2198,"b23025_003e":26275,"b23025_005e":1021,"state":15,"sldust":14,"NAME":"State Senate District 14 (2024); Hawaii","poverty_rate":12.52,"bachelors_rate":19.57,"college_educated_pct":19.57,"renter_rate":41.92,"rent_burden_households":2844,"rent_burden_rate":47.16,"severe_rent_burden_rate":23.69,"median_home_value":1001500,"unemployment_rate":3.89,"public_transportation_pct":8.87,"travel_time_to_work_minutes":43.18,"high_school_or_higher_pct":86.61,"white_pct":21.48,"black_pct":2.99,"asian_pct":71.85,"nhpi_pct":21.85,"hispanic_pct":5.76,"vacancy_rate":6.54,"total_households":14388,"snap_households":2166,"NAME_tax":"State Senate District 14; Hawaii; Hawaii","state_tax":15,"district_x":14,"total_returns":50338.839267951465,"eitc_returns":9052.566473716082,"eitc_participation_rate":17.98326422571975,"federal_eitc_avg_amount":2483.3234124793175,"federal_eitc_total_amount":22480450.26720449,"state_eitc_avg_amount":993.3293649917272,"state_eitc_total_amount":8992180.106881795,"ctc_returns":6413.968909146336,"ctc_participation_rate":12.741590792360261,"ctc_avg_amount":1230.8599268753617,"ctc_total_amount":7894697.302492702,"total_population_tax":404572,"district_y":14,"alice_rate":42.0,"snap_household_rate":21.34,"snap_benefit_annual_per_household":8928.4,"snap_benefits_annual_total":27416220.27,"total_schools":13,"cep_schools":7,"cep_percentage":53.84615384615385,"cep_display":"7/13 CEP schools","geoid_str":"15014"},"geometry":{"type":"Polygon","coordinates":[[[-157.80967,21.36935],[-157.81039,21.37037],[-157.81077,21.37558],[-157.8153,21.37992],[-157.81865,21.38195],[-157.822,21.38329],[-157.82357,21.38505],[-157.82417,21.38705],[-157.82517,21.38845],[-157.82457,21.38995],[-157.82547,21.39205],[-157.82407,21.39515],[-157.82847,21.39625],[-157.82987,21.39845],[-157.83574,21.40031],[-157.83892,21.402],[-157.8397,21.40357],[-157.84712,21.40394],[-157.85635,21.40606],[-157.86103,21.40644],[-157.86596,21.40602],[-157.86982,21.40481],[-157.87372,21.4025],[-157.87895,21.39814],[-157.88558,21.39601],[-157.89148,21.393],[-157.89353,21.39128],[-157.89744,21.38618],[-157.90191,21.38166],[-157.90716,21.37792],[-157.91082,21.37171],[-157.91436,21.37022],[-157.91058,21.36868],[-157.90682,21.36828],[-157.90525,21.36749],[-157.9001,21.36156],[-157.89901,21.35708],[-157.89638,21.35375],[-157.89583,21.34928],[-157.89268,21.34458],[-157.89083,21.34332],[-157.88672,21.34196],[-157.88373,21.33778],[-157.88426,21.33743],[-157.87978,21.33409],[-157.87836,21.33224],[-157.87402,21.33027],[-157.87133,21.32837],[-157.86892,21.32502],[-157.86744,21.32697],[-157.86715,21.32657],[-157.86666,21.32772],[-157.86427,21.3291],[-157.86292,21.32672],[-157.86025,21.3278],[-157.85837,21.32914],[-157.85682,21.32834],[-157.85457,21.32914],[-157.85239,21.33115],[-157.85286,21.33174],[-157.85104,21.33363],[-157.85196,21.33484],[-157.85109,21.33559],[-157.85129,21.33587],[-157.8498,21.33676],[-157.85015,21.33719],[-157.84965,21.33798],[-157.84938,21.33766],[-157.84796,21.33915],[-157.84637,21.33995],[-157.84634,21.34135],[-157.84517,21.34455],[-157.84407,21.34565],[-157.84137,21.34635],[-157.83627,21.34995],[-157.83327,21.35305],[-157.83077,21.35455],[-157.82617,21.35925],[-157.82107,21.36215],[-157.81947,21.36235],[-157.81357,21.36585],[-157.80967,21.36935]]]}},{"id":"14","type":"Feature","properties":{"objectid":15,"county":"OAHU","state_senate":"S15","senate_name":"State Senate District 15","senate_id":15,"senate_abbr":"15TH SEN. DIST.","st_areashape":64435825.983720884,"st_perimetershape":109363.3035555198,"GEOID":"15015","geoid":"15015","name":"State Senate District 15 (2024); Hawaii","below_poverty":6582,"total_population":76554,"median_income":92806,"bachelors_plus":11215,"pop_25_plus":52738,"renter_occupied":15761,"total_housing_units":24688,"b25070_007e":1567,"b25070_008e":1340,"b25070_009e":1919,"b25070_010e":4894,"b25070_001e":15761,"median_rent":2850,"b25077_001e":655300,"b08303_001e":40367,"b08303_008e":6571,"b08303_009e":925,"b08303_010e":757,"b08303_011e":1774,"b08303_012e":1162,"b08303_013e":367,"public_transit_workers":2395,"b23025_003e":32097,"b23025_005e":1479,"state":15,"sldust":15,"NAME":"State Senate District 15 (2024); Hawaii","poverty_rate":8.6,"bachelors_rate":21.27,"college_educated_pct":21.27,"renter_rate":63.84,"rent_burden_households":9720,"rent_burden_rate":61.67,"severe_rent_burden_rate":31.05,"median_home_value":655300,"unemployment_rate":4.61,"public_transportation_pct":5.93,"travel_time_to_work_minutes":42.4,"high_school_or_higher_pct":90.9,"white_pct":42.73,"black_pct":8.26,"asian_pct":49.77,"nhpi_pct":17.74,"hispanic_pct":12.18,"vacancy_rate":6.94,"total_households":24688,"snap_households":2983,"NAME_tax":"State Senate District 15; Hawaii; Hawaii","state_tax":15,"district_x":15,"total_returns":65147.96729035706,"eitc_returns":8443.24057525849,"eitc_participation_rate":12.96009826005457,"federal_eitc_avg_amount":2191.7336741794347,"federal_eitc_total_amount":18505334.687992174,"state_eitc_avg_amount":876.693469671774,"state_eitc_total_amount":7402133.87519687,"ctc_returns":7490.459908801014,"ctc_participation_rate":11.49761108495816,"ctc_avg_amount":835.7166707778301,"ctc_total_amount":6259902.217577992,"total_population_tax":532819,"district_y":15,"alice_rate":49.0,"snap_household_rate":17.130000000000003,"snap_benefit_annual_per_household":8928.4,"snap_benefits_annual_total":37757426.16,"total_schools":16,"cep_schools":4,"cep_percentage":25.0,"cep_display":"4/16 CEP schools","geoid_str":"15015"},"geometry":{"type":"MultiPolygon","coordinates":[[[[-157.9807,21.39556],[-157.98433,21.39598],[-157.98874,21.39437],[-157.99799,21.38658],[-157.9971,21.38555],[-157.99744,21.38477],[-157.99693,21.38423],[-157.99877,21.38304],[-157.99762,21.38223],[-157.99709,21.38242],[-157.99682,21.38191],[-158.01072,21.37905],[-158.01079,21.37601],[-158.01238,21.37377],[-158.01222,21.37336],[-158.01099,21.37404],[-158.01043,21.37291],[-158.00988,21.37266],[-158.00982,21.37311],[-158.00929,21.37257],[-158.00899,21.37378],[-158.00849,21.37336],[-158.00879,21.37173],[-158.0082,21.37091],[-158.00719,21.3712],[-158.00746,21.37233],[-158.00705,21.37261],[-158.00668,21.37182],[-158.00575,21.37193],[-158.00562,21.37081],[-158.00482,21.37009],[-158.00321,21.37012],[-158.00354,21.3682],[-158.00467,21.36778],[-158.00489,21.3671],[-158.00441,21.36651],[-158.00444,21.36505],[-158.00415,21.36454],[-158.00184,21.36358],[-158.00048,21.3619],[-158.00021,21.36032],[-158.00125,21.35869],[-157.99922,21.35642],[-157.99703,21.35742],[-157.99541,21.35938],[-157.99316,21.35935],[-157.99124,21.36045],[-157.99026,21.36032],[-157.9877,21.36208],[-157.9882,21.3608],[-157.98778,21.35904],[-157.98834,21.35786],[-157.98944,21.35814],[-157.99085,21.3576],[-157.99167,21.35777],[-157.99303,21.35682],[-157.99026,21.35508],[-157.98863,21.35136],[-157.98515,21.35098],[-157.98245,21.35211],[-157.98049,21.35149],[-157.97855,21.34814],[-157.97775,21.34766],[-157.97695,21.34621],[-157.97652,21.34642],[-157.97577,21.34581],[-157.97459,21.34327],[-157.97323,21.34197],[-157.97148,21.34172],[-157.9713,21.34481],[-157.97204,21.3449],[-157.97212,21.34539],[-157.97151,21.34561],[-157.97155,21.34688],[-157.97264,21.34823],[-157.97275,21.34932],[-157.97081,21.35293],[-157.97154,21.35502],[-157.97387,21.35653],[-157.97418,21.35861],[-157.97505,21.35893],[-157.97586,21.36085],[-157.97506,21.36229],[-157.97533,21.3653],[-157.97497,21.36551],[-157.97744,21.36598],[-157.97817,21.36668],[-157.9795,21.36563],[-157.98221,21.36537],[-157.98662,21.36963],[-157.98787,21.37185],[-157.98832,21.37385],[-157.98799,21.37454],[-157.98876,21.37471],[-157.99132,21.37792],[-157.99163,21.38272],[-157.99246,21.38379],[-157.99201,21.38411],[-157.99245,21.38624],[-157.99194,21.38718],[-157.98948,21.38823],[-157.98519,21.3877],[-157.98437,21.38814],[-157.9852,21.38729],[-157.98494,21.38531],[-157.98336,21.38365],[-157.98298,21.38259],[-157.9804,21.37968],[-157.97964,21.37937],[-157.97886,21.37978],[-157.97763,21.37828],[-157.97646,21.37771],[-157.97596,21.37799],[-157.97568,21.37611],[-157.97618,21.37527],[-157.97517,21.37451],[-157.97469,21.37289],[-157.97339,21.37223],[-157.97345,21.37151],[-157.96991,21.36964],[-157.96958,21.37001],[-157.96877,21.36971],[-157.96673,21.37328],[-157.96704,21.37495],[-157.96672,21.37502],[-157.96673,21.37858],[-157.96622,21.37777],[-157.96592,21.37874],[-157.96635,21.37953],[-157.96635,21.37879],[-157.96673,21.37873],[-157.96682,21.38024],[-157.96771,21.3807],[-157.96787,21.38175],[-157.9694,21.38374],[-157.96954,21.38547],[-157.96865,21.38664],[-157.96662,21.38606],[-157.96645,21.38668],[-157.9637,21.38729],[-157.96299,21.3878],[-157.96302,21.38855],[-157.96242,21.3875],[-157.96149,21.38742],[-157.96141,21.38809],[-157.96085,21.38744],[-157.959,21.38717],[-157.95781,21.38578],[-157.95242,21.38299],[-157.95166,21.38306],[-157.95056,21.38227],[-157.94989,21.38274],[-157.94815,21.38265],[-157.94738,21.38171],[-157.94689,21.38191],[-157.94281,21.37907],[-157.94207,21.37941],[-157.94167,21.378],[-157.94242,21.3785],[-157.94283,21.37649],[-157.94096,21.37506],[-157.93949,21.37654],[-157.93685,21.37755],[-157.9355,21.37671],[-157.93519,21.37591],[-157.93457,21.37609],[-157.9338,21.37556],[-157.93437,21.37396],[-157.9361,21.37374],[-157.93558,21.37198],[-157.93739,21.36956],[-157.93883,21.36918],[-157.93946,21.36729],[-157.94009,21.36674],[-157.93797,21.36585],[-157.93812,21.36523],[-157.94049,21.36589],[-157.94424,21.36407],[-157.94065,21.36531],[-157.94175,21.36325],[-157.94265,21.36339],[-157.94538,21.3623],[-157.9454,21.36128],[-157.94723,21.36053],[-157.94705,21.36012],[-157.94538,21.3608],[-157.94539,21.35972],[-157.94827,21.35857],[-157.94874,21.35777],[-157.94674,21.35529],[-157.94184,21.35982],[-157.94057,21.35884],[-157.94426,21.35489],[-157.94347,21.35547],[-157.9434,21.35428],[-157.94428,21.35388],[-157.94336,21.35416],[-157.9432,21.35381],[-157.94006,21.35337],[-157.93991,21.35259],[-157.94365,21.35237],[-157.94273,21.35029],[-157.94304,21.35002],[-157.95045,21.35422],[-157.95171,21.35227],[-157.95246,21.35243],[-157.95088,21.35524],[-157.95115,21.3554],[-157.95282,21.35287],[-157.95336,21.35295],[-157.95175,21.35604],[-157.95302,21.35463],[-157.95376,21.35502],[-157.95272,21.35662],[-157.95372,21.35534],[-157.9534,21.35648],[-157.95418,21.35526],[-157.95486,21.35566],[-157.95433,21.35702],[-157.9593,21.35001],[-157.95961,21.35024],[-157.9581,21.35253],[-157.9582,21.35334],[-157.96072,21.34998],[-157.961,21.35024],[-157.95975,21.3526],[-157.96117,21.35089],[-157.96057,21.35215],[-157.96108,21.3523],[-157.96203,21.35144],[-157.96222,21.35224],[-157.96301,21.35102],[-157.9625,21.3524],[-157.96377,21.35232],[-157.96757,21.34975],[-157.96792,21.34899],[-157.96795,21.3476],[-157.96653,21.34595],[-157.96386,21.34797],[-157.9663,21.34512],[-157.96493,21.34362],[-157.96461,21.3414],[-157.9679,21.33832],[-157.96842,21.33615],[-157.96853,21.33127],[-157.96792,21.33081],[-157.96762,21.33109],[-157.96778,21.33077],[-157.96533,21.32923],[-157.96623,21.3286],[-157.96599,21.32789],[-157.96487,21.32898],[-157.96427,21.32832],[-157.96452,21.32705],[-157.96411,21.32599],[-157.96573,21.32525],[-157.96412,21.32568],[-157.96167,21.32039],[-157.96004,21.31914],[-157.95988,21.31855],[-157.96021,21.31854],[-157.95942,21.31727],[-157.9545,21.31635],[-157.95407,21.31697],[-157.95441,21.31601],[-157.9536,21.31595],[-157.95365,21.31703],[-157.95271,21.31688],[-157.95242,21.31728],[-157.94792,21.31648],[-157.94695,21.30864],[-157.95116,21.30867],[-157.95128,21.30446],[-157.90676,21.30265],[-157.90618,21.30673],[-157.90622,21.30893],[-157.90687,21.3099],[-157.90811,21.31047],[-157.91842,21.31058],[-157.91956,21.31148],[-157.91962,21.31268],[-157.90001,21.32666],[-157.89893,21.32758],[-157.89962,21.32918],[-157.8993,21.32991],[-157.89779,21.32908],[-157.89625,21.33051],[-157.89394,21.33089],[-157.89351,21.33172],[-157.89396,21.33348],[-157.89321,21.3333],[-157.89261,21.33094],[-157.8911,21.33046],[-157.89147,21.32939],[-157.89312,21.32792],[-157.89328,21.32653],[-157.89506,21.32542],[-157.8925,21.32035],[-157.89139,21.32058],[-157.89143,21.32004],[-157.89239,21.3196],[-157.89112,21.31681],[-157.89082,21.3145],[-157.88835,21.31508],[-157.8876,21.31365],[-157.88937,21.31275],[-157.88949,21.31191],[-157.88399,21.30149],[-157.88401,21.29991],[-157.88011,21.30116],[-157.8758,21.30087],[-157.87091,21.2987],[-157.87003,21.29967],[-157.86935,21.30214],[-157.87193,21.30658],[-157.87392,21.30778],[-157.87317,21.30852],[-157.88017,21.31322],[-157.88606,21.31417],[-157.88755,21.31367],[-157.88829,21.31511],[-157.88627,21.31578],[-157.88616,21.31722],[-157.88571,21.31715],[-157.88561,21.31613],[-157.88291,21.31701],[-157.88271,21.31996],[-157.882,21.31989],[-157.88227,21.31716],[-157.88156,21.31712],[-157.88124,21.31985],[-157.88047,21.31977],[-157.88053,21.3168],[-157.87879,21.31952],[-157.87609,21.32114],[-157.87352,21.32203],[-157.86892,21.32502],[-157.87133,21.32837],[-157.87402,21.33027],[-157.87836,21.33224],[-157.87978,21.33409],[-157.88426,21.33743],[-157.88373,21.33778],[-157.88672,21.34196],[-157.89083,21.34332],[-157.89268,21.34458],[-157.89583,21.34928],[-157.89638,21.35375],[-157.89901,21.35708],[-157.9001,21.36156],[-157.90536,21.3676],[-157.90682,21.36828],[-157.91058,21.36868],[-157.91879,21.37197],[-157.92451,21.37251],[-157.92905,21.37532],[-157.93315,21.3761],[-157.93759,21.37952],[-157.96565,21.39227],[-157.97597,21.39573],[-157.9807,21.39556]]],[[[-157.89124,21.307],[-157.89142,21.30846],[-157.89225,21.30931],[-157.89299,21.30799],[-157.89124,21.307]]],[[[-157.95865,21.37092],[-157.95905,21.37123],[-157.95853,21.37184],[-157.96168,21.36945],[-157.96093,21.36976],[-157.96071,21.36912],[-157.96202,21.36871],[-157.96376,21.36682],[-157.96396,21.36769],[-157.96467,21.36715],[-157.96426,21.36729],[-157.96384,21.36674],[-157.96469,21.36625],[-157.9667,21.36564],[-157.9661,21.36562],[-157.96894,21.36141],[-157.96878,21.35922],[-157.96641,21.35766],[-157.96643,21.3556],[-157.96556,21.35509],[-157.96118,21.35644],[-157.96077,21.35621],[-157.95966,21.35744],[-157.95796,21.36179],[-157.95594,21.36159],[-157.95409,21.36274],[-157.95381,21.36252],[-157.95454,21.36151],[-157.95223,21.36322],[-157.95376,21.36286],[-157.95123,21.36498],[-157.95046,21.36814],[-157.95086,21.36862],[-157.94942,21.36869],[-157.95366,21.36868],[-157.95516,21.3696],[-157.95621,21.37098],[-157.95865,21.37092]]]]}},{"id":"15","type":"Feature","properties":{"objectid":16,"county":"OAHU","state_senate":"S16","senate_name":"State Senate District 16","senate_id":16,"senate_abbr":"16TH SEN. DIST.","st_areashape":71822994.13181324,"st_perimetershape":42209.92376527868,"GEOID":"15016","geoid":"15016","name":"State Senate District 16 (2024); Hawaii","below_poverty":2874,"total_population":54477,"median_income":122206,"bachelors_plus":11337,"pop_25_plus":42357,"renter_occupied":4394,"total_housing_units":19601,"b25070_007e":305,"b25070_008e":249,"b25070_009e":280,"b25070_010e":772,"b25070_001e":4394,"median_rent":2208,"b25077_001e":909900,"b08303_001e":25014,"b08303_008e":6004,"b08303_009e":431,"b08303_010e":1108,"b08303_011e":1547,"b08303_012e":1240,"b08303_013e":287,"public_transit_workers":700,"b23025_003e":27935,"b23025_005e":1124,"state":15,"sldust":16,"NAME":"State Senate District 16 (2024); Hawaii","poverty_rate":5.28,"bachelors_rate":26.77,"college_educated_pct":26.77,"renter_rate":22.42,"rent_burden_households":1606,"rent_burden_rate":36.55,"severe_rent_burden_rate":17.57,"median_home_value":909900,"unemployment_rate":4.02,"public_transportation_pct":2.8,"travel_time_to_work_minutes":42.83,"high_school_or_higher_pct":94.95,"white_pct":27.92,"black_pct":2.61,"asian_pct":76.96,"nhpi_pct":20.75,"hispanic_pct":6.24,"vacancy_rate":4.74,"total_households":19601,"snap_households":900,"NAME_tax":"State Senate District 16; Hawaii; Hawaii","state_tax":15,"district_x":16,"total_returns":55460.60944311751,"eitc_returns":4950.864748641498,"eitc_participation_rate":8.92681273854246,"federal_eitc_avg_amount":2165.042907751505,"federal_eitc_total_amount":10718834.611283217,"state_eitc_avg_amount":866.017163100602,"state_eitc_total_amount":4287533.844513286,"ctc_returns":3630.851905174811,"ctc_participation_rate":6.546721973725781,"ctc_avg_amount":1014.7215318041063,"ctc_total_amount":3684303.606972842,"total_population_tax":400603,"district_y":16,"alice_rate":33.0,"snap_household_rate":6.510000000000001,"snap_benefit_annual_per_household":8928.4,"snap_benefits_annual_total":11391781.28,"total_schools":12,"cep_schools":3,"cep_percentage":25.0,"cep_display":"3/12 CEP schools","geoid_str":"15016"},"geometry":{"type":"Polygon","coordinates":[[[-157.87355,21.45413],[-157.87358,21.45493],[-157.87496,21.45635],[-157.88572,21.45277],[-157.88877,21.4526],[-157.89115,21.451],[-157.89344,21.45031],[-157.89685,21.45005],[-157.89881,21.4505],[-157.9032,21.44983],[-157.90417,21.44948],[-157.90524,21.44773],[-157.9064,21.44711],[-157.90857,21.44758],[-157.91241,21.44604],[-157.91543,21.4466],[-157.91897,21.446],[-157.91925,21.44529],[-157.92276,21.44447],[-157.92465,21.44325],[-157.92764,21.44246],[-157.92791,21.44178],[-157.92895,21.44173],[-157.9298,21.4409],[-157.93243,21.44015],[-157.93331,21.44056],[-157.93484,21.43995],[-157.93554,21.43861],[-157.93761,21.43759],[-157.93755,21.43631],[-157.93883,21.43456],[-157.94475,21.43351],[-157.95039,21.434],[-157.95454,21.43367],[-157.95613,21.43313],[-157.95878,21.43107],[-157.96156,21.42999],[-157.96591,21.42378],[-157.96431,21.42191],[-157.96561,21.42131],[-157.96644,21.4197],[-157.96693,21.41781],[-157.96613,21.41765],[-157.96609,21.41715],[-157.96939,21.41407],[-157.96584,21.41428],[-157.96566,21.41504],[-157.96485,21.41537],[-157.96292,21.41446],[-157.96255,21.41569],[-157.96053,21.41658],[-157.96337,21.41345],[-157.96522,21.41283],[-157.96543,21.412],[-157.96005,21.40953],[-157.95707,21.40588],[-157.95903,21.4041],[-157.96151,21.40055],[-157.96468,21.39916],[-157.9659,21.39686],[-157.96843,21.39821],[-157.97028,21.3939],[-157.96417,21.39163],[-157.93759,21.37952],[-157.93315,21.3761],[-157.92905,21.37532],[-157.92399,21.37233],[-157.91912,21.37205],[-157.91436,21.37022],[-157.91082,21.37171],[-157.90716,21.37792],[-157.90191,21.38166],[-157.89744,21.38618],[-157.89229,21.3924],[-157.88558,21.39601],[-157.87895,21.39814],[-157.87372,21.4025],[-157.86982,21.40481],[-157.86458,21.40623],[-157.85934,21.40642],[-157.84712,21.40394],[-157.83868,21.40359],[-157.83851,21.41076],[-157.8365,21.41277],[-157.838,21.41406],[-157.83824,21.41757],[-157.84337,21.42035],[-157.84816,21.42371],[-157.85057,21.42615],[-157.85432,21.42674],[-157.85856,21.42812],[-157.85957,21.43005],[-157.86039,21.43009],[-157.86055,21.43128],[-157.86158,21.43229],[-157.86244,21.43417],[-157.86345,21.43482],[-157.86384,21.43604],[-157.86689,21.4368],[-157.87248,21.43981],[-157.87397,21.44331],[-157.87376,21.44423],[-157.87458,21.44762],[-157.87447,21.44925],[-157.87376,21.45054],[-157.87397,21.45158],[-157.87303,21.45284],[-157.87355,21.45413]]]}},{"id":"16","type":"Feature","properties":{"objectid":17,"county":"OAHU","state_senate":"S17","senate_name":"State Senate District 17","senate_id":17,"senate_abbr":"17TH SEN. DIST.","st_areashape":134853198.0892656,"st_perimetershape":71761.29784292504,"GEOID":"15017","geoid":"15017","name":"State Senate District 17 (2024); Hawaii","below_poverty":4191,"total_population":55689,"median_income":119845,"bachelors_plus":9642,"pop_25_plus":39466,"renter_occupied":5457,"total_housing_units":18781,"b25070_007e":383,"b25070_008e":373,"b25070_009e":809,"b25070_010e":1263,"b25070_001e":5457,"median_rent":1904,"b25077_001e":884200,"b08303_001e":25341,"b08303_008e":5717,"b08303_009e":935,"b08303_010e":1453,"b08303_011e":2978,"b08303_012e":1774,"b08303_013e":573,"public_transit_workers":722,"b23025_003e":27765,"b23025_005e":904,"state":15,"sldust":17,"NAME":"State Senate District 17 (2024); Hawaii","poverty_rate":7.53,"bachelors_rate":24.43,"college_educated_pct":24.43,"renter_rate":29.06,"rent_burden_households":2828,"rent_burden_rate":51.82,"severe_rent_burden_rate":23.14,"median_home_value":884200,"unemployment_rate":3.26,"public_transportation_pct":2.85,"travel_time_to_work_minutes":46.17,"high_school_or_higher_pct":94.16,"white_pct":34.78,"black_pct":4.27,"asian_pct":72.02,"nhpi_pct":26.01,"hispanic_pct":11.76,"vacancy_rate":5.18,"total_households":18781,"snap_households":1655,"NAME_tax":"State Senate District 17; Hawaii; Hawaii","state_tax":15,"district_x":17,"total_returns":52795.356019090075,"eitc_returns":5849.138433076066,"eitc_participation_rate":11.078888133572,"federal_eitc_avg_amount":2282.4615839622984,"federal_eitc_total_amount":13350433.772773553,"state_eitc_avg_amount":912.9846335849194,"state_eitc_total_amount":5340173.509109422,"ctc_returns":5219.016426204729,"ctc_participation_rate":9.885370266880301,"ctc_avg_amount":851.9246710548923,"ctc_total_amount":4446208.852124544,"total_population_tax":407946,"district_y":17,"alice_rate":35.0,"snap_household_rate":12.49,"snap_benefit_annual_per_household":8928.4,"snap_benefits_annual_total":20948220.01,"total_schools":12,"cep_schools":3,"cep_percentage":25.0,"cep_display":"3/12 CEP schools","geoid_str":"15017"},"geometry":{"type":"Polygon","coordinates":[[[-157.93299,21.53295],[-157.9347,21.53352],[-157.9383,21.53292],[-157.94019,21.5313],[-157.94407,21.53011],[-157.94846,21.53143],[-157.95029,21.53108],[-157.95206,21.53152],[-157.95341,21.531],[-157.96064,21.53235],[-157.96284,21.53128],[-157.96683,21.53091],[-157.96809,21.53025],[-157.97355,21.53037],[-157.97495,21.52901],[-157.97756,21.52914],[-157.98008,21.5269],[-157.98453,21.52518],[-157.98832,21.52486],[-157.99103,21.52409],[-157.99292,21.52468],[-157.99383,21.52377],[-157.99456,21.52458],[-157.99555,21.52385],[-157.9958,21.52482],[-157.99708,21.52598],[-157.99689,21.52728],[-157.9979,21.52669],[-157.99822,21.52766],[-157.9976,21.52813],[-157.99872,21.52878],[-157.99929,21.52869],[-157.99964,21.52693],[-158.00016,21.52665],[-158.00058,21.52791],[-157.99984,21.52851],[-158.00018,21.52931],[-158.0007,21.52934],[-158.00162,21.52878],[-158.00108,21.52764],[-158.00167,21.52683],[-158.00433,21.52568],[-158.00359,21.52461],[-158.00529,21.52537],[-158.00521,21.52428],[-158.00724,21.5254],[-158.00723,21.52444],[-158.00628,21.52326],[-158.00414,21.52296],[-158.00394,21.52403],[-158.00245,21.52423],[-158.00166,21.52522],[-158.00239,21.52548],[-158.00056,21.52617],[-157.99907,21.52608],[-157.99557,21.52285],[-157.99516,21.52318],[-157.99435,21.52217],[-157.99353,21.52254],[-157.99241,21.52196],[-157.99246,21.52133],[-157.99168,21.52144],[-157.99139,21.52027],[-157.99072,21.5201],[-157.99158,21.51694],[-157.99329,21.51509],[-157.99548,21.51516],[-157.99749,21.51373],[-157.99761,21.51456],[-157.99922,21.51448],[-158.00033,21.51304],[-158.00288,21.51388],[-158.00329,21.51329],[-158.0045,21.51388],[-158.00473,21.51533],[-158.00807,21.51446],[-158.00883,21.51641],[-158.00973,21.51615],[-158.01092,21.51492],[-158.0146,21.51561],[-158.0156,21.51438],[-158.01784,21.51458],[-158.01958,21.51413],[-158.02218,21.51446],[-158.02523,21.51566],[-158.0283,21.51542],[-158.02972,21.51469],[-158.03184,21.51574],[-158.03238,21.51476],[-158.03242,21.51287],[-158.03061,21.51086],[-158.02961,21.50827],[-158.03349,21.50562],[-158.03004,21.5024],[-158.02942,21.50057],[-158.02979,21.4993],[-158.0332,21.49914],[-158.03369,21.49971],[-158.03347,21.50054],[-158.03408,21.50067],[-158.03437,21.49986],[-158.036,21.4987],[-158.03946,21.49469],[-158.04049,21.49423],[-158.04109,21.49468],[-158.04062,21.49529],[-158.04194,21.49626],[-158.04307,21.49514],[-158.04477,21.49452],[-158.04701,21.49627],[-158.04578,21.4939],[-158.04291,21.4936],[-158.0422,21.49239],[-158.04136,21.49209],[-158.04084,21.49068],[-158.03852,21.49063],[-158.03827,21.48996],[-158.03746,21.49019],[-158.03799,21.49129],[-158.03713,21.49242],[-158.03587,21.49227],[-158.03478,21.49286],[-158.03236,21.49219],[-158.03071,21.49244],[-158.02978,21.49194],[-158.02837,21.49247],[-158.02853,21.49089],[-158.02629,21.47845],[-158.02416,21.47924],[-158.02166,21.47675],[-158.01416,21.47391],[-158.01419,21.47239],[-158.01516,21.47043],[-158.01705,21.46987],[-158.01781,21.46821],[-158.01742,21.46749],[-158.01919,21.46518],[-158.01959,21.46402],[-158.01856,21.4637],[-158.01869,21.46273],[-158.02157,21.46198],[-158.0226,21.463],[-158.02348,21.46244],[-158.02376,21.45935],[-158.02714,21.45515],[-158.02915,21.45175],[-158.02888,21.44904],[-158.02619,21.45002],[-158.02519,21.44926],[-158.02455,21.44753],[-158.02351,21.44746],[-158.01833,21.4503],[-158.01505,21.45082],[-158.01327,21.45],[-158.01181,21.45087],[-158.01074,21.44929],[-158.01039,21.44761],[-158.00825,21.44677],[-158.00221,21.44902],[-158.0016,21.4503],[-158.00315,21.45082],[-158.00141,21.45137],[-157.99452,21.4504],[-157.9929,21.44899],[-157.9909,21.44844],[-157.99162,21.44586],[-157.99428,21.44092],[-157.99511,21.43683],[-157.99665,21.43362],[-157.99696,21.43139],[-157.99319,21.41696],[-157.9898,21.41212],[-157.98922,21.40735],[-157.98822,21.40397],[-157.98661,21.40389],[-157.98378,21.40458],[-157.98227,21.40425],[-157.97878,21.40661],[-157.97952,21.40739],[-157.97949,21.40831],[-157.97789,21.41137],[-157.97369,21.41308],[-157.97044,21.41556],[-157.96969,21.41906],[-157.96807,21.42008],[-157.96697,21.42004],[-157.96644,21.41944],[-157.96561,21.42131],[-157.96431,21.42191],[-157.96591,21.42378],[-157.96208,21.42944],[-157.95878,21.43107],[-157.95564,21.43337],[-157.95039,21.434],[-157.94475,21.43351],[-157.93883,21.43456],[-157.93755,21.43631],[-157.93761,21.43759],[-157.93554,21.43861],[-157.93484,21.43995],[-157.93331,21.44056],[-157.93243,21.44015],[-157.9298,21.4409],[-157.92895,21.44173],[-157.92791,21.44178],[-157.92764,21.44246],[-157.92465,21.44325],[-157.92276,21.44447],[-157.91925,21.44529],[-157.91897,21.446],[-157.91543,21.4466],[-157.91241,21.44604],[-157.90857,21.44758],[-157.9064,21.44711],[-157.90524,21.44773],[-157.90417,21.44948],[-157.9032,21.44983],[-157.89881,21.4505],[-157.89685,21.45005],[-157.89344,21.45031],[-157.89115,21.451],[-157.88877,21.4526],[-157.88572,21.45277],[-157.87496,21.45635],[-157.87495,21.459],[-157.87626,21.45949],[-157.87584,21.46129],[-157.87831,21.46044],[-157.8816,21.46043],[-157.88282,21.46144],[-157.88505,21.46189],[-157.88722,21.46359],[-157.88783,21.46708],[-157.88957,21.46897],[-157.89071,21.47227],[-157.89005,21.47541],[-157.88922,21.47671],[-157.89045,21.47898],[-157.89098,21.48176],[-157.8903,21.48357],[-157.89175,21.48671],[-157.89158,21.4883],[-157.8923,21.49044],[-157.89191,21.49229],[-157.89428,21.49586],[-157.89497,21.49813],[-157.89622,21.49963],[-157.8959,21.50114],[-157.89625,21.50158],[-157.90174,21.50183],[-157.9033,21.50422],[-157.90746,21.50854],[-157.90724,21.51044],[-157.90955,21.51267],[-157.91099,21.51313],[-157.91203,21.51416],[-157.91306,21.51637],[-157.91432,21.51707],[-157.91471,21.51873],[-157.91578,21.52031],[-157.91664,21.52376],[-157.91996,21.52714],[-157.91972,21.53076],[-157.92066,21.53194],[-157.92295,21.5328],[-157.92512,21.53267],[-157.92829,21.53338],[-157.92954,21.53291],[-157.93299,21.53295]]]}},{"id":"17","type":"Feature","properties":{"objectid":18,"county":"OAHU","state_senate":"S18","senate_name":"State Senate District 18","senate_id":18,"senate_abbr":"18TH SEN. DIST.","st_areashape":79086954.11113162,"st_perimetershape":44668.12725348114,"GEOID":"15018","geoid":"15018","name":"State Senate District 18 (2024); Hawaii","below_poverty":2191,"total_population":50730,"median_income":123157,"bachelors_plus":9654,"pop_25_plus":37362,"renter_occupied":3931,"total_housing_units":17405,"b25070_007e":561,"b25070_008e":164,"b25070_009e":307,"b25070_010e":1088,"b25070_001e":3931,"median_rent":2464,"b25077_001e":843400,"b08303_001e":24415,"b08303_008e":5200,"b08303_009e":747,"b08303_010e":1402,"b08303_011e":2878,"b08303_012e":1799,"b08303_013e":309,"public_transit_workers":803,"b23025_003e":27039,"b23025_005e":991,"state":15,"sldust":18,"NAME":"State Senate District 18 (2024); Hawaii","poverty_rate":4.32,"bachelors_rate":25.84,"college_educated_pct":25.84,"renter_rate":22.59,"rent_burden_households":2120,"rent_burden_rate":53.93,"severe_rent_burden_rate":27.68,"median_home_value":843400,"unemployment_rate":3.67,"public_transportation_pct":3.29,"travel_time_to_work_minutes":45.88,"high_school_or_higher_pct":95.0,"white_pct":28.88,"black_pct":3.99,"asian_pct":77.1,"nhpi_pct":22.49,"hispanic_pct":7.97,"vacancy_rate":3.43,"total_households":17405,"snap_households":1018,"NAME_tax":"State Senate District 18; Hawaii; Hawaii","state_tax":15,"district_x":18,"total_returns":50430.86076884473,"eitc_returns":5549.789753370346,"eitc_participation_rate":11.00474921260694,"federal_eitc_avg_amount":2230.6273180757994,"federal_eitc_total_amount":12379512.633445049,"state_eitc_avg_amount":892.2509272303198,"state_eitc_total_amount":4951805.0533780195,"ctc_returns":4236.563573166114,"ctc_participation_rate":8.40073619323068,"ctc_avg_amount":1083.6974717933276,"ctc_total_amount":4591153.233331825,"total_population_tax":377958,"district_y":18,"alice_rate":31.0,"snap_household_rate":8.290000000000001,"snap_benefit_annual_per_household":8928.4,"snap_benefits_annual_total":12885370.38,"total_schools":5,"cep_schools":1,"cep_percentage":20.0,"cep_display":"1/5 CEP schools","geoid_str":"15018"},"geometry":{"type":"Polygon","coordinates":[[[-158.08683,21.45321],[-158.08996,21.45399],[-158.09336,21.45301],[-158.09383,21.44909],[-158.09517,21.44712],[-158.09604,21.44331],[-158.09736,21.44015],[-158.09533,21.43822],[-158.09037,21.43544],[-158.08956,21.43251],[-158.09016,21.431],[-158.09026,21.4274],[-158.09176,21.42617],[-158.09249,21.42449],[-158.09408,21.42262],[-158.09908,21.41884],[-158.09999,21.41518],[-158.10118,21.41374],[-158.09864,21.41016],[-158.09786,21.40296],[-158.09782,21.40078],[-158.09966,21.40026],[-158.10006,21.39926],[-158.10053,21.39347],[-158.09692,21.39097],[-158.09745,21.38949],[-158.0971,21.38849],[-158.09826,21.38761],[-158.09929,21.38772],[-158.0973,21.3852],[-158.09633,21.38478],[-158.09633,21.38296],[-158.09536,21.38129],[-158.09459,21.38094],[-158.09412,21.37969],[-158.09279,21.37838],[-158.09189,21.37842],[-158.09068,21.37626],[-158.08966,21.37618],[-158.08909,21.37562],[-158.0884,21.37388],[-158.08696,21.37352],[-158.08549,21.37411],[-158.08356,21.37407],[-158.08169,21.37284],[-158.08095,21.37285],[-158.08114,21.37144],[-158.07975,21.37066],[-158.07964,21.36891],[-158.07872,21.36817],[-158.07374,21.36833],[-158.07138,21.36886],[-158.06925,21.3673],[-158.06711,21.36747],[-158.06397,21.36883],[-158.06261,21.36844],[-158.06045,21.36936],[-158.05771,21.36974],[-158.05731,21.36884],[-158.05035,21.37478],[-158.04026,21.37908],[-158.032,21.38373],[-158.02841,21.37921],[-158.02225,21.38262],[-158.02461,21.3864],[-158.02302,21.38693],[-158.0232,21.38868],[-158.01499,21.3918],[-158.00901,21.39655],[-158.00509,21.39845],[-158.00101,21.3992],[-157.99252,21.39767],[-157.99073,21.39811],[-157.98658,21.39806],[-157.98742,21.39959],[-157.98922,21.40735],[-157.9898,21.41212],[-157.99319,21.41696],[-157.99694,21.43112],[-157.99674,21.4333],[-157.99521,21.4365],[-157.99428,21.44092],[-157.99162,21.44586],[-157.9909,21.44844],[-157.9929,21.44899],[-157.99452,21.4504],[-158.00141,21.45137],[-158.00315,21.45082],[-158.0016,21.4503],[-158.00221,21.44902],[-158.00825,21.44677],[-158.01039,21.44761],[-158.01074,21.44929],[-158.01181,21.45087],[-158.01327,21.45],[-158.01505,21.45082],[-158.01833,21.4503],[-158.02351,21.44746],[-158.02455,21.44753],[-158.02519,21.44926],[-158.02619,21.45002],[-158.02857,21.44892],[-158.02937,21.44957],[-158.0318,21.44935],[-158.03332,21.44804],[-158.03343,21.4472],[-158.03286,21.4462],[-158.03735,21.4447],[-158.03805,21.44384],[-158.04223,21.44273],[-158.04162,21.44001],[-158.0422,21.43842],[-158.04496,21.43787],[-158.04612,21.43834],[-158.04605,21.43924],[-158.04692,21.43988],[-158.04798,21.43933],[-158.0499,21.44029],[-158.05215,21.43972],[-158.05277,21.44029],[-158.05421,21.44006],[-158.05475,21.44087],[-158.05665,21.43967],[-158.05791,21.44156],[-158.06124,21.44202],[-158.06231,21.44286],[-158.06325,21.4428],[-158.06585,21.44494],[-158.07122,21.44575],[-158.07427,21.44712],[-158.07538,21.44828],[-158.07571,21.44976],[-158.07787,21.45012],[-158.0792,21.4513],[-158.08184,21.45223],[-158.08614,21.45276],[-158.08683,21.45321]]]}},{"id":"18","type":"Feature","properties":{"objectid":19,"county":"OAHU","state_senate":"S19","senate_name":"State Senate District 19","senate_id":19,"senate_abbr":"19TH SEN. DIST.","st_areashape":19099266.142171055,"st_perimetershape":37933.307683244486,"GEOID":"15019","geoid":"15019","name":"State Senate District 19 (2024); Hawaii","below_poverty":5473,"total_population":54561,"median_income":105171,"bachelors_plus":7168,"pop_25_plus":39503,"renter_occupied":5503,"total_housing_units":14477,"b25070_007e":550,"b25070_008e":446,"b25070_009e":635,"b25070_010e":1297,"b25070_001e":5503,"median_rent":1767,"b25077_001e":852600,"b08303_001e":24993,"b08303_008e":4705,"b08303_009e":375,"b08303_010e":915,"b08303_011e":3454,"b08303_012e":2524,"b08303_013e":712,"public_transit_workers":2775,"b23025_003e":27012,"b23025_005e":999,"state":15,"sldust":19,"NAME":"State Senate District 19 (2024); Hawaii","poverty_rate":10.03,"bachelors_rate":18.15,"college_educated_pct":18.15,"renter_rate":38.01,"rent_burden_households":2928,"rent_burden_rate":53.21,"severe_rent_burden_rate":23.57,"median_home_value":852600,"unemployment_rate":3.7,"public_transportation_pct":11.1,"travel_time_to_work_minutes":50.31,"high_school_or_higher_pct":88.76,"white_pct":18.73,"black_pct":2.36,"asian_pct":78.33,"nhpi_pct":22.71,"hispanic_pct":7.14,"vacancy_rate":3.95,"total_households":14477,"snap_households":2337,"NAME_tax":"State Senate District 19; Hawaii; Hawaii","state_tax":15,"district_x":19,"total_returns":52093.0472887088,"eitc_returns":6250.235095525895,"eitc_participation_rate":11.99821362126503,"federal_eitc_avg_amount":2278.357904540399,"federal_eitc_total_amount":14240272.535127245,"state_eitc_avg_amount":911.34316181616,"state_eitc_total_amount":5696109.014050897,"ctc_returns":4810.616181619434,"ctc_participation_rate":9.23466073113011,"ctc_avg_amount":1063.0894134746309,"ctc_total_amount":5114115.134969373,"total_population_tax":392119,"district_y":19,"alice_rate":43.0,"snap_household_rate":22.89,"snap_benefit_annual_per_household":8928.4,"snap_benefits_annual_total":29580658.71,"total_schools":7,"cep_schools":2,"cep_percentage":28.57142857142857,"cep_display":"2/7 CEP schools","geoid_str":"15019"},"geometry":{"type":"Polygon","coordinates":[[[-157.96684,21.41768],[-157.96644,21.41944],[-157.96697,21.42004],[-157.96807,21.42008],[-157.96969,21.41906],[-157.97044,21.41556],[-157.97369,21.41308],[-157.97789,21.41137],[-157.97949,21.40831],[-157.97952,21.40739],[-157.97863,21.40676],[-157.98047,21.40524],[-157.98227,21.40425],[-157.98378,21.40458],[-157.98661,21.40389],[-157.98822,21.40397],[-157.98742,21.39959],[-157.98658,21.39806],[-157.99073,21.39811],[-157.99252,21.39767],[-158.00167,21.39919],[-158.00702,21.39765],[-158.00958,21.39615],[-158.01499,21.3918],[-158.0232,21.38868],[-158.02302,21.38693],[-158.02461,21.3864],[-158.02225,21.38262],[-158.02841,21.37921],[-158.032,21.38373],[-158.04026,21.37908],[-158.05061,21.37462],[-158.05731,21.36884],[-158.05572,21.36733],[-158.05557,21.36482],[-158.05388,21.3632],[-158.05317,21.36101],[-158.04741,21.35736],[-158.04661,21.35552],[-158.04554,21.35593],[-158.03706,21.34919],[-158.03421,21.35138],[-158.02834,21.35335],[-158.02955,21.35798],[-158.0295,21.35937],[-158.02684,21.36461],[-158.02456,21.36303],[-158.02127,21.36396],[-158.0218,21.36462],[-158.02043,21.36591],[-158.01813,21.36522],[-158.01619,21.36563],[-158.01704,21.36649],[-158.01861,21.36692],[-158.01994,21.36883],[-158.02113,21.37218],[-158.02055,21.37317],[-158.02074,21.37361],[-158.02022,21.3739],[-158.01875,21.37413],[-158.01844,21.37355],[-158.01742,21.37343],[-158.01681,21.37472],[-158.01692,21.37539],[-158.01742,21.3751],[-158.01728,21.37573],[-158.01609,21.37766],[-158.01544,21.37698],[-158.01559,21.37589],[-158.01651,21.37536],[-158.01651,21.37451],[-158.01769,21.37284],[-158.01692,21.37301],[-158.01612,21.37518],[-158.01514,21.37572],[-158.01491,21.37698],[-158.01538,21.37788],[-158.01374,21.37775],[-158.01247,21.37594],[-158.01295,21.3755],[-158.01262,21.37474],[-158.01407,21.37389],[-158.01311,21.37358],[-158.01238,21.37377],[-158.0109,21.37572],[-158.01072,21.37905],[-157.99682,21.38191],[-157.99709,21.38242],[-157.99762,21.38223],[-157.99877,21.38304],[-157.99693,21.38423],[-157.99744,21.38477],[-157.9971,21.38555],[-157.99799,21.38658],[-157.98794,21.39485],[-157.98375,21.39604],[-157.98046,21.39553],[-157.97632,21.39577],[-157.97031,21.39383],[-157.96843,21.39821],[-157.9659,21.39686],[-157.96461,21.39922],[-157.9612,21.40084],[-157.95903,21.4041],[-157.95707,21.40588],[-157.95989,21.40942],[-157.96501,21.41153],[-157.96548,21.41229],[-157.96504,21.41296],[-157.96323,21.41356],[-157.96053,21.41658],[-157.96255,21.41569],[-157.96292,21.41446],[-157.96485,21.41537],[-157.96566,21.41504],[-157.96584,21.41428],[-157.96939,21.41407],[-157.96631,21.41683],[-157.96605,21.41756],[-157.96684,21.41768]]]}},{"id":"19","type":"Feature","properties":{"objectid":20,"county":"OAHU","state_senate":"S20","senate_name":"State Senate District 20","senate_id":20,"senate_abbr":"20TH SEN. DIST.","st_areashape":29882208.801819917,"st_perimetershape":30571.59730553789,"GEOID":"15020","geoid":"15020","name":"State Senate District 20 (2024); Hawaii","below_poverty":2835,"total_population":61605,"median_income":133224,"bachelors_plus":9642,"pop_25_plus":41417,"renter_occupied":5352,"total_housing_units":18212,"b25070_007e":640,"b25070_008e":609,"b25070_009e":618,"b25070_010e":1372,"b25070_001e":5352,"median_rent":3074,"b25077_001e":840000,"b08303_001e":29125,"b08303_008e":5473,"b08303_009e":1100,"b08303_010e":1745,"b08303_011e":4980,"b08303_012e":4116,"b08303_013e":1098,"public_transit_workers":1488,"b23025_003e":29934,"b23025_005e":1275,"state":15,"sldust":20,"NAME":"State Senate District 20 (2024); Hawaii","poverty_rate":4.6,"bachelors_rate":23.28,"college_educated_pct":23.28,"renter_rate":29.39,"rent_burden_households":3239,"rent_burden_rate":60.52,"severe_rent_burden_rate":25.64,"median_home_value":840000,"unemployment_rate":4.26,"public_transportation_pct":5.11,"travel_time_to_work_minutes":51.81,"high_school_or_higher_pct":94.38,"white_pct":38.09,"black_pct":6.72,"asian_pct":64.39,"nhpi_pct":22.66,"hispanic_pct":13.29,"vacancy_rate":4.43,"total_households":18212,"snap_households":1697,"NAME_tax":"State Senate District 20; Hawaii; Hawaii","state_tax":15,"district_x":20,"total_returns":55891.41052211041,"eitc_returns":6804.836575195384,"eitc_participation_rate":12.1751025991792,"federal_eitc_avg_amount":2336.4044943820227,"federal_eitc_total_amount":15898850.757821666,"state_eitc_avg_amount":934.5617977528092,"state_eitc_total_amount":6359540.303128667,"ctc_returns":6009.664660790531,"ctc_participation_rate":10.75239398084815,"ctc_avg_amount":857.2519083969466,"ctc_total_amount":5151796.499288372,"total_population_tax":428694,"district_y":20,"alice_rate":28.000000000000004,"snap_household_rate":13.209999999999999,"snap_benefit_annual_per_household":8928.4,"snap_benefits_annual_total":21479836.47,"total_schools":9,"cep_schools":0,"cep_percentage":0.0,"cep_display":"0/9 CEP schools","geoid_str":"15020"},"geometry":{"type":"Polygon","coordinates":[[[-158.0247,21.36305],[-158.02684,21.36461],[-158.02935,21.36002],[-158.02955,21.35798],[-158.02672,21.34739],[-158.03029,21.34318],[-158.02829,21.34033],[-158.03168,21.33862],[-158.03227,21.3373],[-158.02973,21.33553],[-158.02825,21.33175],[-158.03753,21.32834],[-158.0402,21.32832],[-158.04014,21.32761],[-158.03893,21.32744],[-158.03761,21.32617],[-158.03391,21.31895],[-158.04492,21.31371],[-158.04435,21.3036],[-158.03588,21.30473],[-158.03444,21.3041],[-158.03257,21.3042],[-158.02728,21.30606],[-158.021,21.3063],[-158.01171,21.30919],[-157.98193,21.31588],[-157.97863,21.31599],[-157.97094,21.32252],[-157.9706,21.32741],[-157.97232,21.32835],[-157.97376,21.325],[-157.97715,21.32311],[-157.97864,21.32071],[-157.97934,21.32109],[-157.97869,21.32249],[-157.97707,21.32327],[-157.975,21.32665],[-157.9731,21.32786],[-157.97205,21.32923],[-157.97261,21.33151],[-157.9732,21.33172],[-157.97323,21.33433],[-157.97262,21.33455],[-157.97274,21.33564],[-157.97451,21.33764],[-157.97493,21.33933],[-157.97665,21.34022],[-157.97737,21.34251],[-157.97916,21.34385],[-157.97932,21.34476],[-157.97984,21.34488],[-157.98172,21.3484],[-157.98645,21.34902],[-157.99221,21.34846],[-157.99323,21.34983],[-157.99305,21.35272],[-157.99415,21.35343],[-157.99648,21.3539],[-158.00128,21.35176],[-158.00437,21.3534],[-158.00507,21.35453],[-158.0066,21.35475],[-158.00755,21.35692],[-158.00859,21.35686],[-158.00959,21.35553],[-158.01243,21.35602],[-158.01452,21.35796],[-158.01661,21.35684],[-158.01894,21.35725],[-158.02129,21.35829],[-158.02298,21.3615],[-158.02265,21.36245],[-158.0213,21.36281],[-158.02127,21.36396],[-158.0247,21.36305]]]}},{"id":"20","type":"Feature","properties":{"objectid":21,"county":"OAHU","state_senate":"S21","senate_name":"State Senate District 21","senate_id":21,"senate_abbr":"21ST SEN. DIST.","st_areashape":61474752.15448294,"st_perimetershape":49980.25662127292,"GEOID":"15021","geoid":"15021","name":"State Senate District 21 (2024); Hawaii","below_poverty":5651,"total_population":61847,"median_income":117119,"bachelors_plus":8214,"pop_25_plus":40560,"renter_occupied":5639,"total_housing_units":18591,"b25070_007e":979,"b25070_008e":286,"b25070_009e":616,"b25070_010e":1515,"b25070_001e":5639,"median_rent":2134,"b25077_001e":801800,"b08303_001e":28454,"b08303_008e":5435,"b08303_009e":942,"b08303_010e":1931,"b08303_011e":3757,"b08303_012e":3186,"b08303_013e":904,"public_transit_workers":984,"b23025_003e":31437,"b23025_005e":1487,"state":15,"sldust":21,"NAME":"State Senate District 21 (2024); Hawaii","poverty_rate":9.14,"bachelors_rate":20.25,"college_educated_pct":20.25,"renter_rate":30.33,"rent_burden_households":3396,"rent_burden_rate":60.22,"severe_rent_burden_rate":26.87,"median_home_value":801800,"unemployment_rate":4.73,"public_transportation_pct":3.46,"travel_time_to_work_minutes":50.05,"high_school_or_higher_pct":94.07,"white_pct":40.62,"black_pct":5.21,"asian_pct":61.22,"nhpi_pct":38.31,"hispanic_pct":15.17,"vacancy_rate":4.63,"total_households":18591,"snap_households":2752,"NAME_tax":"State Senate District 21; Hawaii; Hawaii","state_tax":15,"district_x":21,"total_returns":52250.04916201819,"eitc_returns":5832.1241444241305,"eitc_participation_rate":11.161949582745349,"federal_eitc_avg_amount":2277.78517893415,"federal_eitc_total_amount":13284325.937873296,"state_eitc_avg_amount":911.11407157366,"state_eitc_total_amount":5313730.375149318,"ctc_returns":4955.033068046577,"ctc_participation_rate":9.48330795380094,"ctc_avg_amount":898.2649085928969,"ctc_total_amount":4450932.3259436395,"total_population_tax":416402,"district_y":21,"alice_rate":35.0,"snap_household_rate":20.990000000000002,"snap_benefit_annual_per_household":8928.4,"snap_benefits_annual_total":34833535.63,"total_schools":9,"cep_schools":2,"cep_percentage":22.22222222222222,"cep_display":"2/9 CEP schools","geoid_str":"15021"},"geometry":{"type":"Polygon","coordinates":[[[-158.09791,21.38786],[-158.0971,21.38849],[-158.09745,21.38949],[-158.09692,21.39097],[-158.10053,21.39347],[-158.10061,21.39609],[-158.09999,21.39813],[-158.10006,21.39926],[-158.10075,21.39723],[-158.1024,21.39515],[-158.10426,21.39376],[-158.10356,21.38843],[-158.10502,21.38636],[-158.10876,21.38355],[-158.1082,21.38294],[-158.10839,21.38195],[-158.10983,21.38103],[-158.11062,21.37917],[-158.11063,21.37755],[-158.11265,21.37796],[-158.11343,21.37716],[-158.11281,21.37635],[-158.11388,21.37514],[-158.11291,21.37498],[-158.11182,21.37565],[-158.11105,21.37432],[-158.11052,21.3746],[-158.11013,21.37598],[-158.10933,21.37523],[-158.10758,21.37538],[-158.10882,21.37347],[-158.10946,21.37019],[-158.11121,21.36903],[-158.11348,21.36532],[-158.11344,21.36465],[-158.11484,21.36388],[-158.11432,21.36289],[-158.11077,21.3648],[-158.11126,21.36566],[-158.11064,21.36824],[-158.10996,21.36826],[-158.10873,21.3673],[-158.10722,21.36908],[-158.10652,21.36894],[-158.10609,21.36806],[-158.1045,21.36791],[-158.10283,21.3693],[-158.10243,21.36876],[-158.10135,21.36863],[-158.10114,21.36764],[-158.10016,21.36805],[-158.09779,21.36354],[-158.09879,21.35637],[-158.09954,21.35455],[-158.10092,21.3531],[-158.10203,21.34996],[-158.10159,21.34852],[-158.10223,21.34677],[-158.10083,21.34092],[-158.10942,21.34201],[-158.11274,21.34374],[-158.11556,21.34403],[-158.11544,21.34111],[-158.1141,21.33739],[-158.11526,21.33664],[-158.11648,21.33458],[-158.11469,21.33317],[-158.11305,21.33097],[-158.11497,21.32965],[-158.11545,21.32999],[-158.11732,21.32945],[-158.12091,21.3252],[-158.12033,21.32513],[-158.11795,21.32806],[-158.11615,21.32863],[-158.11446,21.32777],[-158.11165,21.32446],[-158.11588,21.32042],[-158.11913,21.32339],[-158.11955,21.3234],[-158.11873,21.32212],[-158.11902,21.32186],[-158.12048,21.32153],[-158.12088,21.32207],[-158.12146,21.3217],[-158.11992,21.31918],[-158.11885,21.31389],[-158.11311,21.30272],[-158.11087,21.29947],[-158.10634,21.29624],[-158.10123,21.29512],[-158.09964,21.29525],[-158.09844,21.29466],[-158.09815,21.29533],[-158.0862,21.29563],[-158.08214,21.29759],[-158.07772,21.29852],[-158.07374,21.29828],[-158.07354,21.29759],[-158.07342,21.29831],[-158.06774,21.29963],[-158.05127,21.30084],[-158.04435,21.3036],[-158.04492,21.31371],[-158.03391,21.31895],[-158.03761,21.32617],[-158.03893,21.32744],[-158.04014,21.32761],[-158.0402,21.32832],[-158.03753,21.32834],[-158.02825,21.33175],[-158.02973,21.33553],[-158.03227,21.3373],[-158.03168,21.33862],[-158.02829,21.34033],[-158.03029,21.34318],[-158.02672,21.34739],[-158.02834,21.35335],[-158.03421,21.35138],[-158.03706,21.34919],[-158.04554,21.35593],[-158.04661,21.35552],[-158.04741,21.35736],[-158.05317,21.36101],[-158.05388,21.3632],[-158.05567,21.36502],[-158.05572,21.36733],[-158.05771,21.36974],[-158.06045,21.36936],[-158.06261,21.36844],[-158.06397,21.36883],[-158.06727,21.36742],[-158.06943,21.36732],[-158.07138,21.36886],[-158.07374,21.36833],[-158.07872,21.36817],[-158.07964,21.36891],[-158.07975,21.37066],[-158.08114,21.37144],[-158.08095,21.37285],[-158.08169,21.37284],[-158.08356,21.37407],[-158.08549,21.37411],[-158.08696,21.37352],[-158.0884,21.37388],[-158.08909,21.37562],[-158.08966,21.37618],[-158.09068,21.37626],[-158.09189,21.37842],[-158.09279,21.37838],[-158.094,21.37957],[-158.09633,21.38296],[-158.09633,21.38478],[-158.0973,21.3852],[-158.09929,21.38772],[-158.09791,21.38786]]]}},{"id":"21","type":"Feature","properties":{"objectid":22,"county":"OAHU","state_senate":"S22","senate_name":"State Senate District 22","senate_id":22,"senate_abbr":"22ND SEN. DIST.","st_areashape":171331034.4568044,"st_perimetershape":94259.22782729188,"GEOID":"15022","geoid":"15022","name":"State Senate District 22 (2024); Hawaii","below_poverty":8430,"total_population":49734,"median_income":88843,"bachelors_plus":3692,"pop_25_plus":32356,"renter_occupied":4983,"total_housing_units":13942,"b25070_007e":326,"b25070_008e":360,"b25070_009e":450,"b25070_010e":1739,"b25070_001e":4983,"median_rent":1788,"b25077_001e":582200,"b08303_001e":17713,"b08303_008e":2535,"b08303_009e":416,"b08303_010e":755,"b08303_011e":3556,"b08303_012e":3498,"b08303_013e":1470,"public_transit_workers":1477,"b23025_003e":21454,"b23025_005e":2126,"state":15,"sldust":22,"NAME":"State Senate District 22 (2024); Hawaii","poverty_rate":16.95,"bachelors_rate":11.41,"college_educated_pct":11.41,"renter_rate":35.74,"rent_burden_households":2875,"rent_burden_rate":57.7,"severe_rent_burden_rate":34.9,"median_home_value":582200,"unemployment_rate":9.91,"public_transportation_pct":8.34,"travel_time_to_work_minutes":58.33,"high_school_or_higher_pct":90.57,"white_pct":35.18,"black_pct":5.16,"asian_pct":35.24,"nhpi_pct":69.1,"hispanic_pct":12.84,"vacancy_rate":16.97,"total_households":13942,"snap_households":3886,"NAME_tax":"State Senate District 22; Hawaii; Hawaii","state_tax":15,"district_x":22,"total_returns":39369.513327819834,"eitc_returns":8940.328265156817,"eitc_participation_rate":22.70875992474938,"federal_eitc_avg_amount":2594.7152206648652,"federal_eitc_total_amount":23197605.827342704,"state_eitc_avg_amount":1037.8860882659462,"state_eitc_total_amount":9279042.330937082,"ctc_returns":7240.815573509765,"ctc_participation_rate":18.391935692009582,"ctc_avg_amount":907.3686517063412,"ctc_total_amount":6570089.0641898345,"total_population_tax":372456,"district_y":22,"alice_rate":51.0,"snap_household_rate":39.51,"snap_benefit_annual_per_household":8928.4,"snap_benefits_annual_total":49187180.04,"total_schools":11,"cep_schools":10,"cep_percentage":90.9090909090909,"cep_display":"10/11 CEP schools","geoid_str":"15022"},"geometry":{"type":"Polygon","coordinates":[[[-158.26325,21.56965],[-158.26696,21.57195],[-158.27124,21.57042],[-158.26356,21.56531],[-158.2635,21.56489],[-158.2631,21.56501],[-158.26204,21.56376],[-158.26091,21.56322],[-158.26109,21.56267],[-158.2598,21.56239],[-158.25919,21.56112],[-158.2571,21.56032],[-158.25641,21.55894],[-158.25522,21.55885],[-158.25175,21.55652],[-158.24991,21.55632],[-158.24922,21.55531],[-158.24872,21.5558],[-158.24844,21.55461],[-158.24548,21.55142],[-158.24182,21.5485],[-158.24037,21.54597],[-158.24061,21.54505],[-158.2391,21.54445],[-158.23879,21.54368],[-158.23663,21.54187],[-158.23678,21.5413],[-158.23317,21.53905],[-158.23063,21.5354],[-158.22985,21.53324],[-158.22936,21.52918],[-158.22936,21.52685],[-158.23035,21.5252],[-158.22976,21.52524],[-158.22946,21.52409],[-158.22878,21.52368],[-158.22838,21.52072],[-158.22955,21.51666],[-158.23014,21.5163],[-158.22988,21.51515],[-158.22877,21.51411],[-158.22873,21.51271],[-158.22961,21.5105],[-158.2297,21.5069],[-158.22948,21.5053],[-158.22873,21.50497],[-158.22938,21.50481],[-158.23011,21.50231],[-158.22982,21.49673],[-158.22909,21.49671],[-158.23001,21.49629],[-158.23027,21.49204],[-158.2298,21.49071],[-158.23047,21.48816],[-158.23045,21.48593],[-158.23083,21.48592],[-158.23064,21.48451],[-158.23129,21.48302],[-158.23083,21.48213],[-158.22839,21.48003],[-158.22842,21.47932],[-158.22779,21.47877],[-158.22606,21.47786],[-158.22409,21.47843],[-158.22228,21.47801],[-158.22039,21.47611],[-158.21916,21.47305],[-158.21966,21.47233],[-158.21888,21.4716],[-158.21767,21.4686],[-158.21823,21.46821],[-158.21802,21.46729],[-158.21393,21.46388],[-158.21295,21.46213],[-158.21297,21.46106],[-158.21438,21.46096],[-158.21479,21.4597],[-158.21207,21.45984],[-158.20986,21.46086],[-158.2072,21.46009],[-158.20371,21.45796],[-158.20291,21.45629],[-158.20292,21.4538],[-158.20066,21.45324],[-158.20024,21.45185],[-158.19842,21.45145],[-158.199,21.44921],[-158.19689,21.44735],[-158.1988,21.44913],[-158.19833,21.45104],[-158.19723,21.45066],[-158.19648,21.44978],[-158.19692,21.44925],[-158.19627,21.44873],[-158.19392,21.4489],[-158.1933,21.44853],[-158.19216,21.44907],[-158.18993,21.44872],[-158.19236,21.44877],[-158.19308,21.44829],[-158.19093,21.4468],[-158.18944,21.44452],[-158.18931,21.44342],[-158.18987,21.44204],[-158.19186,21.44064],[-158.19182,21.44022],[-158.1898,21.44059],[-158.18905,21.44017],[-158.18499,21.43407],[-158.18318,21.42996],[-158.18067,21.42871],[-158.17953,21.42724],[-158.17946,21.42331],[-158.17839,21.41896],[-158.17877,21.41647],[-158.17717,21.41122],[-158.17784,21.40977],[-158.17714,21.40893],[-158.17787,21.40873],[-158.17854,21.40686],[-158.17801,21.40492],[-158.17679,21.40349],[-158.17687,21.40165],[-158.17243,21.39806],[-158.16973,21.39775],[-158.16849,21.39708],[-158.16766,21.39755],[-158.16651,21.39734],[-158.16634,21.39681],[-158.16421,21.39635],[-158.15897,21.39318],[-158.14698,21.38203],[-158.14623,21.37941],[-158.14224,21.37678],[-158.14099,21.37473],[-158.14152,21.37302],[-158.14109,21.37202],[-158.13917,21.37218],[-158.13792,21.37082],[-158.13821,21.37004],[-158.13778,21.36982],[-158.13786,21.36918],[-158.1371,21.36943],[-158.136,21.36884],[-158.13496,21.36561],[-158.13221,21.36048],[-158.13081,21.35646],[-158.13016,21.3559],[-158.13058,21.35541],[-158.13011,21.35438],[-158.13072,21.35409],[-158.13042,21.35391],[-158.13083,21.35305],[-158.12874,21.34711],[-158.12915,21.34611],[-158.12872,21.34566],[-158.12899,21.34474],[-158.12851,21.34274],[-158.12773,21.34249],[-158.12757,21.34029],[-158.12696,21.33964],[-158.12715,21.33911],[-158.12645,21.33771],[-158.1259,21.33772],[-158.12562,21.33829],[-158.12463,21.33772],[-158.12474,21.33683],[-158.12529,21.33706],[-158.12563,21.33653],[-158.12472,21.33508],[-158.12435,21.33551],[-158.12359,21.33502],[-158.12417,21.33361],[-158.12383,21.33239],[-158.12294,21.33255],[-158.12245,21.33206],[-158.12266,21.33115],[-158.12365,21.33107],[-158.12318,21.32886],[-158.12239,21.32886],[-158.12207,21.32835],[-158.12327,21.32672],[-158.12238,21.32314],[-158.12186,21.32383],[-158.12231,21.32431],[-158.12224,21.32556],[-158.12168,21.32617],[-158.12113,21.32584],[-158.12037,21.32679],[-158.12089,21.32934],[-158.11693,21.33037],[-158.11688,21.32944],[-158.11545,21.32999],[-158.11497,21.32965],[-158.11305,21.33097],[-158.11469,21.33317],[-158.11648,21.33458],[-158.11526,21.33664],[-158.1141,21.33739],[-158.11544,21.34111],[-158.11556,21.34403],[-158.11274,21.34374],[-158.10942,21.34201],[-158.10083,21.34092],[-158.10223,21.34677],[-158.10159,21.34852],[-158.10203,21.34996],[-158.10092,21.3531],[-158.09954,21.35455],[-158.09879,21.35637],[-158.09779,21.36328],[-158.10016,21.36805],[-158.10114,21.36764],[-158.10135,21.36863],[-158.10243,21.36876],[-158.10283,21.3693],[-158.1045,21.36791],[-158.10609,21.36806],[-158.10652,21.36894],[-158.10722,21.36908],[-158.10873,21.3673],[-158.11055,21.36828],[-158.111,21.36783],[-158.11126,21.36566],[-158.11077,21.3648],[-158.11432,21.36289],[-158.11484,21.36388],[-158.11344,21.36465],[-158.11348,21.36532],[-158.11121,21.36903],[-158.10946,21.37019],[-158.10882,21.37347],[-158.10758,21.37538],[-158.10933,21.37523],[-158.11013,21.37598],[-158.11052,21.3746],[-158.11134,21.37434],[-158.11182,21.37565],[-158.11291,21.37498],[-158.11388,21.37514],[-158.11281,21.37635],[-158.11343,21.37716],[-158.11238,21.37801],[-158.11063,21.37755],[-158.11062,21.37917],[-158.10983,21.38103],[-158.10839,21.38195],[-158.1082,21.38294],[-158.10876,21.38355],[-158.10502,21.38636],[-158.10356,21.38843],[-158.10426,21.39376],[-158.1024,21.39515],[-158.10075,21.39723],[-158.09966,21.40026],[-158.09782,21.40078],[-158.09864,21.41016],[-158.10118,21.41374],[-158.09999,21.41518],[-158.09908,21.41884],[-158.09408,21.42262],[-158.09249,21.42449],[-158.09176,21.42617],[-158.09026,21.4274],[-158.09016,21.431],[-158.08956,21.43251],[-158.09037,21.43544],[-158.09533,21.43822],[-158.09736,21.44015],[-158.09604,21.44331],[-158.09517,21.44712],[-158.09383,21.44909],[-158.09353,21.45437],[-158.10131,21.4602],[-158.10211,21.46173],[-158.10234,21.46556],[-158.103,21.46734],[-158.10487,21.46888],[-158.10518,21.47103],[-158.10632,21.4717],[-158.10735,21.4735],[-158.10811,21.47383],[-158.11164,21.47349],[-158.11382,21.47435],[-158.11744,21.47489],[-158.11863,21.47572],[-158.11826,21.47825],[-158.11915,21.47837],[-158.12206,21.48035],[-158.12562,21.47881],[-158.12836,21.47978],[-158.13206,21.48025],[-158.1319,21.48131],[-158.13274,21.48501],[-158.13242,21.48818],[-158.13328,21.48796],[-158.1354,21.48876],[-158.14077,21.49238],[-158.1457,21.49751],[-158.14726,21.49814],[-158.14774,21.49977],[-158.1464,21.50512],[-158.14246,21.50775],[-158.14603,21.50751],[-158.14674,21.50793],[-158.14975,21.5074],[-158.15118,21.50853],[-158.15323,21.50827],[-158.15739,21.50933],[-158.16019,21.5119],[-158.16313,21.51316],[-158.1648,21.5158],[-158.17072,21.51902],[-158.17375,21.51924],[-158.17674,21.52616],[-158.17626,21.52835],[-158.17807,21.52913],[-158.18321,21.53403],[-158.18305,21.53442],[-158.18671,21.53468],[-158.18787,21.53552],[-158.19017,21.5351],[-158.19194,21.53575],[-158.19274,21.53728],[-158.19283,21.53934],[-158.19355,21.54025],[-158.195,21.54463],[-158.19655,21.54337],[-158.20064,21.54361],[-158.2037,21.54595],[-158.20505,21.5479],[-158.20666,21.54785],[-158.20705,21.54854],[-158.20868,21.54912],[-158.20991,21.54878],[-158.21274,21.55058],[-158.21338,21.55048],[-158.21462,21.54881],[-158.21794,21.54902],[-158.22092,21.55145],[-158.22204,21.55322],[-158.22334,21.5536],[-158.2255,21.55317],[-158.22811,21.55561],[-158.23245,21.55761],[-158.23577,21.55981],[-158.23756,21.55998],[-158.23994,21.56109],[-158.24288,21.56332],[-158.24375,21.56275],[-158.24451,21.56318],[-158.24698,21.56137],[-158.24966,21.56159],[-158.26136,21.56775],[-158.26325,21.56965]]]}},{"id":"22","type":"Feature","properties":{"objectid":23,"county":"OAHU","state_senate":"S23","senate_name":"State Senate District 23","senate_id":23,"senate_abbr":"23RD SEN. DIST.","st_areashape":602851041.2737198,"st_perimetershape":205694.8528482288,"GEOID":"15023","geoid":"15023","name":"State Senate District 23 (2024); Hawaii","below_poverty":6161,"total_population":68188,"median_income":94684,"bachelors_plus":10108,"pop_25_plus":44586,"renter_occupied":11999,"total_housing_units":22618,"b25070_007e":1277,"b25070_008e":1041,"b25070_009e":1740,"b25070_010e":4058,"b25070_001e":11999,"median_rent":2778,"b25077_001e":995600,"b08303_001e":34241,"b08303_008e":4295,"b08303_009e":1225,"b08303_010e":1490,"b08303_011e":2712,"b08303_012e":2481,"b08303_013e":666,"public_transit_workers":858,"b23025_003e":29040,"b23025_005e":1605,"state":15,"sldust":23,"NAME":"State Senate District 23 (2024); Hawaii","poverty_rate":9.04,"bachelors_rate":22.67,"college_educated_pct":22.67,"renter_rate":53.05,"rent_burden_households":8116,"rent_burden_rate":67.64,"severe_rent_burden_rate":33.82,"median_home_value":995600,"unemployment_rate":5.53,"public_transportation_pct":2.51,"travel_time_to_work_minutes":49.3,"high_school_or_higher_pct":95.4,"white_pct":60.76,"black_pct":9.07,"asian_pct":36.58,"nhpi_pct":27.43,"hispanic_pct":14.26,"vacancy_rate":11.73,"total_households":22618,"snap_households":2042,"NAME_tax":"State Senate District 23; Hawaii; Hawaii","state_tax":15,"district_x":23,"total_returns":62869.06593748428,"eitc_returns":8982.694947951182,"eitc_participation_rate":14.28794084022719,"federal_eitc_avg_amount":2134.7164699334044,"federal_eitc_total_amount":19175506.849778973,"state_eitc_avg_amount":853.8865879733618,"state_eitc_total_amount":7670202.73991159,"ctc_returns":6897.01725886542,"ctc_participation_rate":10.97044652408813,"ctc_avg_amount":876.9460215191561,"ctc_total_amount":6048311.845510987,"total_population_tax":512316,"district_y":23,"alice_rate":46.0,"snap_household_rate":12.8,"snap_benefit_annual_per_household":8928.4,"snap_benefits_annual_total":25846685.96,"total_schools":18,"cep_schools":4,"cep_percentage":22.22222222222222,"cep_display":"4/18 CEP schools","geoid_str":"15023"},"geometry":{"type":"Polygon","coordinates":[[[-157.98321,21.71206],[-157.98352,21.71261],[-157.98459,21.71277],[-157.98429,21.70954],[-157.98987,21.7049],[-157.99147,21.70468],[-157.9933,21.70553],[-157.99582,21.70575],[-157.99647,21.70617],[-157.99677,21.70715],[-157.99678,21.70578],[-157.99785,21.70531],[-157.99856,21.70675],[-157.99963,21.7073],[-157.99984,21.70509],[-157.99862,21.70425],[-157.99864,21.70333],[-157.9993,21.70188],[-158.00097,21.7001],[-158.00364,21.69943],[-158.00417,21.70028],[-158.00855,21.70016],[-158.00931,21.70098],[-158.00942,21.69971],[-158.00816,21.69913],[-158.00806,21.69853],[-158.00953,21.69661],[-158.01097,21.69597],[-158.01243,21.69598],[-158.01318,21.69658],[-158.01267,21.69705],[-158.01301,21.69815],[-158.01368,21.69836],[-158.01529,21.6972],[-158.01695,21.6951],[-158.02113,21.6927],[-158.02466,21.68924],[-158.03016,21.6871],[-158.03301,21.68191],[-158.03794,21.68103],[-158.03923,21.6786],[-158.03929,21.67613],[-158.0406,21.6743],[-158.0467,21.6705],[-158.048,21.6683],[-158.05187,21.6655],[-158.05391,21.6625],[-158.05849,21.65903],[-158.06128,21.65541],[-158.06305,21.65513],[-158.06316,21.65402],[-158.06198,21.65292],[-158.06247,21.6525],[-158.06179,21.65154],[-158.06337,21.64918],[-158.06353,21.65063],[-158.06379,21.65022],[-158.06382,21.6487],[-158.06316,21.64799],[-158.06334,21.64676],[-158.06405,21.64573],[-158.06484,21.64548],[-158.06454,21.64505],[-158.06497,21.64344],[-158.06308,21.6425],[-158.06291,21.64193],[-158.06502,21.63862],[-158.06887,21.6377],[-158.0689,21.63614],[-158.07005,21.63455],[-158.06983,21.63401],[-158.07092,21.63359],[-158.07077,21.63318],[-158.07183,21.6335],[-158.07126,21.63273],[-158.07156,21.63143],[-158.07293,21.63013],[-158.07408,21.62794],[-158.07565,21.62723],[-158.07613,21.626],[-158.07756,21.62502],[-158.08112,21.62382],[-158.08238,21.62148],[-158.08474,21.62119],[-158.08577,21.61969],[-158.08539,21.61916],[-158.08598,21.61821],[-158.09039,21.61509],[-158.09451,21.61365],[-158.09678,21.61013],[-158.09843,21.60909],[-158.10008,21.60873],[-158.10243,21.60698],[-158.10382,21.60499],[-158.10761,21.60307],[-158.10628,21.60173],[-158.10506,21.60183],[-158.1049,21.60047],[-158.10403,21.60007],[-158.10359,21.59731],[-158.10399,21.59622],[-158.10331,21.59554],[-158.10404,21.59462],[-158.10359,21.59344],[-158.1048,21.59527],[-158.10568,21.59491],[-158.10486,21.59499],[-158.10447,21.59398],[-158.10584,21.5932],[-158.10388,21.59341],[-158.10556,21.59258],[-158.10638,21.593],[-158.10641,21.59491],[-158.10702,21.59521],[-158.10975,21.59352],[-158.10951,21.59302],[-158.11093,21.5905],[-158.11287,21.58904],[-158.1189,21.58931],[-158.11981,21.5876],[-158.11794,21.58626],[-158.11639,21.58407],[-158.11916,21.58202],[-158.11868,21.58131],[-158.11751,21.58088],[-158.11742,21.58006],[-158.11614,21.57888],[-158.11637,21.57834],[-158.11709,21.5796],[-158.12005,21.58089],[-158.12094,21.58258],[-158.12123,21.58445],[-158.12174,21.58487],[-158.12277,21.58454],[-158.12255,21.58398],[-158.12337,21.58317],[-158.12839,21.58211],[-158.13221,21.58244],[-158.13539,21.58388],[-158.13802,21.58412],[-158.14149,21.58312],[-158.14348,21.58304],[-158.15169,21.58063],[-158.15546,21.58086],[-158.15852,21.57979],[-158.16304,21.58073],[-158.16801,21.57896],[-158.17385,21.58177],[-158.17657,21.58063],[-158.18031,21.58043],[-158.18184,21.58089],[-158.18205,21.58136],[-158.18606,21.58177],[-158.1882,21.58261],[-158.19087,21.5829],[-158.19522,21.5815],[-158.20059,21.58286],[-158.20322,21.58175],[-158.20652,21.58217],[-158.21051,21.58157],[-158.21402,21.58057],[-158.21558,21.57941],[-158.21928,21.57883],[-158.22408,21.57967],[-158.22883,21.57895],[-158.23708,21.58024],[-158.24248,21.57996],[-158.24504,21.57901],[-158.24683,21.57968],[-158.2512,21.57936],[-158.2521,21.57986],[-158.25685,21.57796],[-158.26028,21.57822],[-158.26098,21.57726],[-158.26306,21.57796],[-158.26333,21.57732],[-158.26402,21.57713],[-158.26536,21.57776],[-158.26654,21.57692],[-158.26825,21.57713],[-158.27044,21.57602],[-158.27311,21.57601],[-158.27341,21.57548],[-158.27439,21.57536],[-158.27819,21.57649],[-158.28048,21.57523],[-158.28187,21.57546],[-158.28189,21.57503],[-158.28044,21.57459],[-158.28028,21.57367],[-158.27982,21.57384],[-158.27966,21.57323],[-158.27736,21.57307],[-158.27723,21.57266],[-158.27631,21.5729],[-158.27628,21.5723],[-158.27416,21.57198],[-158.27286,21.57085],[-158.27124,21.57042],[-158.26696,21.57195],[-158.26456,21.5708],[-158.26136,21.56775],[-158.24966,21.56159],[-158.24698,21.56137],[-158.24451,21.56318],[-158.24375,21.56275],[-158.24288,21.56332],[-158.23994,21.56109],[-158.23756,21.55998],[-158.23577,21.55981],[-158.23245,21.55761],[-158.22811,21.55561],[-158.2255,21.55317],[-158.22334,21.5536],[-158.22204,21.55322],[-158.22092,21.55145],[-158.21794,21.54902],[-158.21462,21.54881],[-158.21338,21.55048],[-158.21274,21.55058],[-158.20991,21.54878],[-158.20868,21.54912],[-158.20705,21.54854],[-158.20666,21.54785],[-158.20505,21.5479],[-158.2037,21.54595],[-158.20064,21.54361],[-158.19655,21.54337],[-158.195,21.54463],[-158.19355,21.54025],[-158.19283,21.53934],[-158.19274,21.53728],[-158.19194,21.53575],[-158.19017,21.5351],[-158.18787,21.53552],[-158.18671,21.53468],[-158.18305,21.53442],[-158.18321,21.53403],[-158.17807,21.52913],[-158.17626,21.52835],[-158.17674,21.52616],[-158.17375,21.51924],[-158.17072,21.51902],[-158.1648,21.5158],[-158.16313,21.51316],[-158.16019,21.5119],[-158.15739,21.50933],[-158.15323,21.50827],[-158.15118,21.50853],[-158.14975,21.5074],[-158.14674,21.50793],[-158.14603,21.50751],[-158.14246,21.50775],[-158.1464,21.50512],[-158.14774,21.49977],[-158.14726,21.49814],[-158.1457,21.49751],[-158.14077,21.49238],[-158.1354,21.48876],[-158.13328,21.48796],[-158.13242,21.48818],[-158.13274,21.48501],[-158.1319,21.48131],[-158.13206,21.48025],[-158.12836,21.47978],[-158.12562,21.47881],[-158.12206,21.48035],[-158.11915,21.47837],[-158.11826,21.47825],[-158.11863,21.47572],[-158.11744,21.47489],[-158.11382,21.47435],[-158.11164,21.47349],[-158.10811,21.47383],[-158.10735,21.4735],[-158.10632,21.4717],[-158.10518,21.47103],[-158.10487,21.46888],[-158.103,21.46734],[-158.10234,21.46556],[-158.10211,21.46173],[-158.10131,21.4602],[-158.09353,21.45437],[-158.09336,21.45301],[-158.08866,21.45395],[-158.08614,21.45276],[-158.08184,21.45223],[-158.0792,21.4513],[-158.07787,21.45012],[-158.07571,21.44976],[-158.07538,21.44828],[-158.07427,21.44712],[-158.07122,21.44575],[-158.06585,21.44494],[-158.06325,21.4428],[-158.06231,21.44286],[-158.06124,21.44202],[-158.05791,21.44156],[-158.05665,21.43967],[-158.05475,21.44087],[-158.05421,21.44006],[-158.05277,21.44029],[-158.05215,21.43972],[-158.0499,21.44029],[-158.04798,21.43933],[-158.04692,21.43988],[-158.04605,21.43924],[-158.04612,21.43834],[-158.04496,21.43787],[-158.0422,21.43842],[-158.04162,21.44001],[-158.04223,21.44273],[-158.03805,21.44384],[-158.03735,21.4447],[-158.03286,21.4462],[-158.03343,21.4472],[-158.03332,21.44804],[-158.03184,21.44934],[-158.02937,21.44957],[-158.02899,21.44922],[-158.02915,21.45175],[-158.02714,21.45515],[-158.02376,21.45935],[-158.02348,21.46244],[-158.0226,21.463],[-158.02157,21.46198],[-158.01869,21.46273],[-158.01856,21.4637],[-158.01959,21.46402],[-158.01742,21.46749],[-158.01772,21.46849],[-158.01705,21.46987],[-158.01516,21.47043],[-158.01419,21.47239],[-158.01416,21.47391],[-158.02166,21.47675],[-158.02416,21.47924],[-158.02629,21.47845],[-158.02853,21.49089],[-158.02837,21.49247],[-158.02978,21.49194],[-158.03071,21.49244],[-158.03236,21.49219],[-158.03478,21.49286],[-158.03587,21.49227],[-158.03713,21.49242],[-158.03799,21.49129],[-158.03746,21.49019],[-158.03827,21.48996],[-158.03852,21.49063],[-158.04084,21.49068],[-158.04136,21.49209],[-158.0422,21.49239],[-158.04291,21.4936],[-158.04578,21.4939],[-158.04699,21.49579],[-158.04669,21.49628],[-158.04477,21.49452],[-158.04307,21.49514],[-158.04194,21.49626],[-158.04062,21.49529],[-158.04109,21.49468],[-158.04049,21.49423],[-158.03946,21.49469],[-158.036,21.4987],[-158.03437,21.49986],[-158.03408,21.50067],[-158.03347,21.50054],[-158.03369,21.49971],[-158.0332,21.49914],[-158.02979,21.4993],[-158.02942,21.50057],[-158.03004,21.5024],[-158.03349,21.50562],[-158.02961,21.50827],[-158.03061,21.51086],[-158.03242,21.51287],[-158.03238,21.51476],[-158.03184,21.51574],[-158.02972,21.51469],[-158.0283,21.51542],[-158.02523,21.51566],[-158.02218,21.51446],[-158.01958,21.51413],[-158.01784,21.51458],[-158.0156,21.51438],[-158.0146,21.51561],[-158.01092,21.51492],[-158.00973,21.51615],[-158.00883,21.51641],[-158.00807,21.51446],[-158.00473,21.51533],[-158.0045,21.51388],[-158.00329,21.51329],[-158.00288,21.51388],[-158.00033,21.51304],[-157.99922,21.51448],[-157.99761,21.51456],[-157.99749,21.51373],[-157.99548,21.51516],[-157.99329,21.51509],[-157.99158,21.51694],[-157.99072,21.5201],[-157.99139,21.52027],[-157.99168,21.52144],[-157.99246,21.52133],[-157.99241,21.52196],[-157.99353,21.52254],[-157.99435,21.52217],[-157.99516,21.52318],[-157.99557,21.52285],[-157.99907,21.52608],[-158.00056,21.52617],[-158.00239,21.52548],[-158.00166,21.52522],[-158.00245,21.52423],[-158.00394,21.52403],[-158.00414,21.52296],[-158.00628,21.52326],[-158.00723,21.52444],[-158.00724,21.5254],[-158.00521,21.52428],[-158.00529,21.52537],[-158.00359,21.52461],[-158.00433,21.52568],[-158.00167,21.52683],[-158.00108,21.52764],[-158.00162,21.52878],[-158.00052,21.52938],[-157.99984,21.52851],[-158.00058,21.52791],[-158.00016,21.52665],[-157.99964,21.52693],[-157.99929,21.52869],[-157.99872,21.52878],[-157.9976,21.52813],[-157.99822,21.52766],[-157.9979,21.52669],[-157.99689,21.52728],[-157.99708,21.52598],[-157.9958,21.52482],[-157.99555,21.52385],[-157.99456,21.52458],[-157.99383,21.52377],[-157.99292,21.52468],[-157.99103,21.52409],[-157.98832,21.52486],[-157.98453,21.52518],[-157.98008,21.5269],[-157.97756,21.52914],[-157.97495,21.52901],[-157.97355,21.53037],[-157.96809,21.53025],[-157.96683,21.53091],[-157.96284,21.53128],[-157.96064,21.53235],[-157.95341,21.531],[-157.95206,21.53152],[-157.95029,21.53108],[-157.94846,21.53143],[-157.94407,21.53011],[-157.94019,21.5313],[-157.93873,21.53277],[-157.9347,21.53352],[-157.93211,21.53285],[-157.92829,21.53338],[-157.92109,21.53221],[-157.91972,21.53076],[-157.91996,21.52714],[-157.91664,21.52376],[-157.91578,21.52031],[-157.91471,21.51873],[-157.91432,21.51707],[-157.91306,21.51637],[-157.91203,21.51416],[-157.91099,21.51313],[-157.90955,21.51267],[-157.90724,21.51044],[-157.90746,21.50854],[-157.9033,21.50422],[-157.90174,21.50183],[-157.89625,21.50158],[-157.8959,21.50114],[-157.89622,21.49963],[-157.89497,21.49813],[-157.89428,21.49586],[-157.89191,21.49229],[-157.8923,21.49044],[-157.89158,21.4883],[-157.89175,21.48671],[-157.8903,21.48357],[-157.89098,21.48176],[-157.89045,21.47898],[-157.88922,21.47671],[-157.89005,21.47541],[-157.89071,21.47227],[-157.89011,21.47025],[-157.88932,21.4686],[-157.88856,21.46826],[-157.88783,21.46708],[-157.88722,21.46359],[-157.88505,21.46189],[-157.88282,21.46144],[-157.8816,21.46043],[-157.87831,21.46044],[-157.87576,21.46125],[-157.87626,21.45949],[-157.87495,21.459],[-157.87496,21.45635],[-157.87358,21.45493],[-157.87303,21.45307],[-157.87397,21.45158],[-157.87376,21.45054],[-157.87447,21.44925],[-157.87458,21.44762],[-157.87376,21.44423],[-157.87397,21.44331],[-157.87248,21.43981],[-157.86689,21.4368],[-157.86384,21.43604],[-157.86345,21.43482],[-157.86244,21.43417],[-157.86158,21.43229],[-157.86055,21.43128],[-157.86039,21.43009],[-157.85957,21.43005],[-157.85856,21.42812],[-157.85432,21.42674],[-157.85057,21.42615],[-157.84816,21.42371],[-157.84337,21.42035],[-157.84031,21.41838],[-157.83854,21.41795],[-157.838,21.41406],[-157.8365,21.41277],[-157.83851,21.41076],[-157.83868,21.40359],[-157.83364,21.40328],[-157.82846,21.40201],[-157.8267,21.40244],[-157.8225,21.40487],[-157.81939,21.40484],[-157.81721,21.40364],[-157.81376,21.40015],[-157.81298,21.39808],[-157.81289,21.39352],[-157.81166,21.39434],[-157.81071,21.39576],[-157.80944,21.40101],[-157.807,21.4031],[-157.80726,21.40886],[-157.80786,21.41042],[-157.81436,21.41829],[-157.81408,21.41937],[-157.81059,21.42304],[-157.81045,21.42466],[-157.81146,21.42574],[-157.81239,21.42789],[-157.81433,21.42858],[-157.81659,21.43013],[-157.81758,21.432],[-157.81756,21.43338],[-157.81651,21.43482],[-157.81289,21.43698],[-157.81106,21.43751],[-157.80991,21.43947],[-157.80763,21.43931],[-157.80885,21.4404],[-157.80864,21.44138],[-157.80759,21.44163],[-157.80737,21.44258],[-157.80855,21.44291],[-157.81047,21.44215],[-157.81018,21.44268],[-157.8109,21.44316],[-157.80971,21.44407],[-157.80987,21.44467],[-157.80999,21.44411],[-157.81155,21.44298],[-157.81231,21.4438],[-157.8145,21.44889],[-157.81503,21.45261],[-157.81621,21.45468],[-157.82077,21.45252],[-157.82264,21.45258],[-157.82395,21.45361],[-157.82501,21.45314],[-157.82662,21.45522],[-157.82654,21.45624],[-157.82904,21.45671],[-157.83009,21.458],[-157.83092,21.45756],[-157.83141,21.45793],[-157.83285,21.46232],[-157.83384,21.46182],[-157.83381,21.45946],[-157.83409,21.45934],[-157.83383,21.45984],[-157.83426,21.46096],[-157.83491,21.46103],[-157.83405,21.45999],[-157.83478,21.45766],[-157.83684,21.45778],[-157.83798,21.45868],[-157.83807,21.45974],[-157.83857,21.45995],[-157.83938,21.45836],[-157.8401,21.45892],[-157.83958,21.46013],[-157.84129,21.4613],[-157.84306,21.4643],[-157.84239,21.46772],[-157.84361,21.46865],[-157.84436,21.4716],[-157.84319,21.47282],[-157.84307,21.47444],[-157.84218,21.4752],[-157.84147,21.47856],[-157.84176,21.4834],[-157.84308,21.48494],[-157.84381,21.48406],[-157.845,21.48397],[-157.84867,21.48624],[-157.84922,21.48763],[-157.84886,21.48851],[-157.84925,21.4886],[-157.84741,21.49131],[-157.84706,21.49287],[-157.84778,21.49391],[-157.84892,21.49416],[-157.85044,21.49634],[-157.8524,21.50279],[-157.85238,21.50474],[-157.85119,21.50597],[-157.85134,21.50751],[-157.84889,21.5072],[-157.84912,21.50645],[-157.84777,21.50629],[-157.84008,21.50872],[-157.83722,21.50835],[-157.83502,21.50886],[-157.83458,21.50945],[-157.83552,21.51345],[-157.83575,21.51746],[-157.83446,21.52697],[-157.83492,21.52867],[-157.83797,21.53441],[-157.84015,21.53709],[-157.84154,21.54211],[-157.84448,21.54379],[-157.8462,21.54572],[-157.84666,21.55014],[-157.85108,21.55559],[-157.8526,21.55696],[-157.855,21.55809],[-157.85619,21.55766],[-157.8643,21.56053],[-157.86603,21.5586],[-157.86777,21.55847],[-157.86925,21.55779],[-157.86905,21.55744],[-157.86743,21.5581],[-157.86713,21.55771],[-157.86878,21.55665],[-157.86919,21.55716],[-157.86894,21.55558],[-157.86948,21.55481],[-157.87028,21.55464],[-157.87001,21.55442],[-157.87086,21.55453],[-157.86937,21.55613],[-157.87179,21.55582],[-157.87429,21.55655],[-157.8743,21.55556],[-157.87468,21.55572],[-157.87466,21.55672],[-157.87604,21.55834],[-157.87538,21.5603],[-157.87542,21.56182],[-157.87465,21.56287],[-157.87498,21.57295],[-157.87705,21.57505],[-157.8806,21.57632],[-157.88332,21.57793],[-157.88523,21.57973],[-157.88641,21.58165],[-157.8871,21.58535],[-157.88862,21.589],[-157.88995,21.59087],[-157.8936,21.59315],[-157.89498,21.59462],[-157.89691,21.59851],[-157.89827,21.60275],[-157.90154,21.60551],[-157.90493,21.60722],[-157.90709,21.60743],[-157.90827,21.60811],[-157.90931,21.60971],[-157.90931,21.61053],[-157.9128,21.61469],[-157.91281,21.61665],[-157.91232,21.61728],[-157.91274,21.6178],[-157.91257,21.61986],[-157.92088,21.62622],[-157.92117,21.62839],[-157.9204,21.6294],[-157.921,21.63075],[-157.92019,21.63273],[-157.92081,21.63265],[-157.92042,21.63347],[-157.92012,21.63286],[-157.91847,21.63468],[-157.91871,21.63709],[-157.91811,21.6401],[-157.91897,21.64371],[-157.9184,21.64603],[-157.91766,21.64743],[-157.91246,21.64831],[-157.91532,21.64903],[-157.92204,21.64846],[-157.92352,21.65046],[-157.92752,21.65275],[-157.92829,21.65395],[-157.92857,21.65564],[-157.92751,21.65791],[-157.92712,21.66146],[-157.93079,21.66213],[-157.93406,21.6639],[-157.93557,21.66556],[-157.93674,21.66834],[-157.93667,21.67169],[-157.93535,21.67309],[-157.93453,21.67344],[-157.93351,21.67307],[-157.93284,21.67393],[-157.93499,21.6754],[-157.93667,21.67502],[-157.94002,21.67758],[-157.94203,21.68128],[-157.94521,21.68478],[-157.94464,21.68696],[-157.94489,21.68766],[-157.9485,21.68984],[-157.9505,21.69328],[-157.9552,21.69695],[-157.95893,21.70219],[-157.96338,21.7041],[-157.96397,21.70626],[-157.96603,21.70816],[-157.96567,21.70856],[-157.96615,21.70954],[-157.96758,21.70971],[-157.969,21.70918],[-157.97462,21.71018],[-157.97708,21.70924],[-157.97911,21.70935],[-157.98073,21.71041],[-157.98335,21.71061],[-157.98374,21.71176],[-157.98321,21.71206]]]}},{"id":"23","type":"Feature","properties":{"objectid":24,"county":"OAHU","state_senate":"S24","senate_name":"State Senate District 24","senate_id":24,"senate_abbr":"24TH SEN. DIST.","st_areashape":56490338.39893052,"st_perimetershape":68565.8702076891,"GEOID":"15024","geoid":"15024","name":"State Senate District 24 (2024); Hawaii","below_poverty":4601,"total_population":63172,"median_income":120165,"bachelors_plus":11386,"pop_25_plus":46580,"renter_occupied":6980,"total_housing_units":20410,"b25070_007e":396,"b25070_008e":490,"b25070_009e":699,"b25070_010e":2278,"b25070_001e":6980,"median_rent":3075,"b25077_001e":1113700,"b08303_001e":30531,"b08303_008e":6147,"b08303_009e":1435,"b08303_010e":1488,"b08303_011e":2411,"b08303_012e":644,"b08303_013e":370,"public_transit_workers":608,"b23025_003e":28878,"b23025_005e":1251,"state":15,"sldust":24,"NAME":"State Senate District 24 (2024); Hawaii","poverty_rate":7.28,"bachelors_rate":24.44,"college_educated_pct":24.44,"renter_rate":34.2,"rent_burden_households":3863,"rent_burden_rate":55.34,"severe_rent_burden_rate":32.64,"median_home_value":1113700,"unemployment_rate":4.33,"public_transportation_pct":1.99,"travel_time_to_work_minutes":41.68,"high_school_or_higher_pct":96.87,"white_pct":57.06,"black_pct":3.55,"asian_pct":48.42,"nhpi_pct":26.48,"hispanic_pct":12.23,"vacancy_rate":5.22,"total_households":20410,"snap_households":1537,"NAME_tax":"State Senate District 24; Hawaii; Hawaii","state_tax":15,"district_x":24,"total_returns":58909.790695284966,"eitc_returns":4634.245616500906,"eitc_participation_rate":7.8666815172911795,"federal_eitc_avg_amount":2009.0152584711975,"federal_eitc_total_amount":9310270.155053582,"state_eitc_avg_amount":803.606103388479,"state_eitc_total_amount":3724108.062021433,"ctc_returns":3670.772786076432,"ctc_participation_rate":6.23117607914066,"ctc_avg_amount":832.4467496205153,"ctc_total_amount":3055722.874364769,"total_population_tax":440895,"district_y":24,"alice_rate":34.0,"snap_household_rate":10.68,"snap_benefit_annual_per_household":8928.4,"snap_benefits_annual_total":19454630.91,"total_schools":13,"cep_schools":3,"cep_percentage":23.076923076923077,"cep_display":"3/13 CEP schools","geoid_str":"15024"},"geometry":{"type":"Polygon","coordinates":[[[-157.76041,21.45834],[-157.76363,21.46027],[-157.76381,21.46155],[-157.76302,21.46231],[-157.76359,21.46272],[-157.76524,21.46179],[-157.76638,21.45868],[-157.76767,21.45784],[-157.76814,21.45655],[-157.7689,21.45632],[-157.77293,21.45728],[-157.77399,21.45386],[-157.77675,21.45247],[-157.77761,21.45103],[-157.7776,21.4499],[-157.77644,21.44946],[-157.77861,21.4461],[-157.77692,21.44344],[-157.77195,21.44267],[-157.76514,21.43947],[-157.76416,21.4382],[-157.76211,21.44023],[-157.76254,21.4386],[-157.7601,21.43713],[-157.75837,21.43687],[-157.75726,21.4357],[-157.75796,21.43447],[-157.76069,21.43257],[-157.76109,21.42855],[-157.76302,21.42859],[-157.76426,21.42765],[-157.76437,21.42597],[-157.76533,21.42525],[-157.76553,21.42443],[-157.76541,21.42372],[-157.76475,21.42337],[-157.76427,21.42142],[-157.76491,21.42078],[-157.76524,21.41937],[-157.76661,21.41899],[-157.76649,21.41613],[-157.76707,21.41634],[-157.76691,21.41563],[-157.76762,21.41623],[-157.76854,21.41602],[-157.76936,21.41427],[-157.7715,21.41469],[-157.77215,21.41275],[-157.7719,21.41172],[-157.77246,21.4127],[-157.77305,21.41229],[-157.77299,21.41141],[-157.77327,21.41204],[-157.77304,21.41253],[-157.77418,21.41305],[-157.77685,21.41184],[-157.7798,21.41171],[-157.78021,21.41204],[-157.78079,21.41088],[-157.78111,21.4113],[-157.78122,21.41081],[-157.78358,21.40963],[-157.78435,21.41118],[-157.7828,21.41168],[-157.78723,21.41417],[-157.78786,21.41778],[-157.79124,21.41807],[-157.79147,21.41882],[-157.79076,21.41907],[-157.79027,21.41828],[-157.79068,21.41915],[-157.79019,21.41935],[-157.79066,21.42003],[-157.78956,21.4203],[-157.78829,21.42296],[-157.78909,21.42472],[-157.79165,21.42421],[-157.79136,21.42771],[-157.79167,21.42843],[-157.79512,21.4288],[-157.79452,21.42618],[-157.79484,21.42553],[-157.79644,21.42471],[-157.79807,21.42521],[-157.79864,21.42435],[-157.7989,21.42491],[-157.79964,21.42495],[-157.80004,21.42429],[-157.8018,21.42689],[-157.80319,21.42687],[-157.80466,21.43017],[-157.80577,21.43066],[-157.80635,21.43157],[-157.8051,21.43466],[-157.80684,21.43175],[-157.80803,21.43276],[-157.8105,21.43692],[-157.81155,21.43747],[-157.81686,21.43457],[-157.81753,21.43347],[-157.81761,21.43218],[-157.81637,21.42995],[-157.81239,21.42789],[-157.81146,21.42574],[-157.81045,21.42466],[-157.81059,21.42304],[-157.81408,21.41937],[-157.81436,21.41829],[-157.80786,21.41042],[-157.80726,21.40886],[-157.807,21.4031],[-157.80854,21.40215],[-157.80974,21.40049],[-157.81055,21.3963],[-157.81128,21.39477],[-157.81314,21.39344],[-157.81293,21.39767],[-157.81376,21.40015],[-157.81721,21.40364],[-157.81939,21.40484],[-157.8225,21.40487],[-157.8267,21.40244],[-157.82846,21.40201],[-157.83364,21.40328],[-157.8397,21.40357],[-157.83892,21.402],[-157.83574,21.40031],[-157.82987,21.39845],[-157.82847,21.39625],[-157.82407,21.39515],[-157.82547,21.39205],[-157.82457,21.38995],[-157.82517,21.38845],[-157.82417,21.38705],[-157.82357,21.38505],[-157.822,21.38329],[-157.81865,21.38195],[-157.81363,21.37866],[-157.81077,21.37558],[-157.81039,21.37037],[-157.80967,21.36935],[-157.80797,21.36888],[-157.80733,21.36805],[-157.79742,21.36729],[-157.7937,21.36618],[-157.79027,21.36835],[-157.78555,21.36991],[-157.78412,21.36908],[-157.782,21.36512],[-157.78071,21.36459],[-157.77998,21.36518],[-157.7799,21.36592],[-157.78226,21.36917],[-157.78173,21.3739],[-157.7774,21.3787],[-157.77529,21.37939],[-157.76633,21.37713],[-157.76332,21.37702],[-157.76071,21.37758],[-157.76117,21.37574],[-157.7605,21.37433],[-157.76111,21.37171],[-157.76098,21.36949],[-157.76292,21.36802],[-157.76177,21.36755],[-157.75384,21.37404],[-157.75281,21.37569],[-157.7517,21.37529],[-157.75088,21.37797],[-157.74454,21.37383],[-157.74579,21.37639],[-157.74506,21.37707],[-157.74604,21.38489],[-157.74297,21.38429],[-157.74047,21.38248],[-157.7376,21.38503],[-157.74014,21.3899],[-157.74127,21.39082],[-157.74038,21.39353],[-157.74337,21.39462],[-157.74094,21.39612],[-157.74359,21.40082],[-157.73962,21.40284],[-157.73843,21.40152],[-157.73676,21.40274],[-157.74017,21.40704],[-157.74146,21.40944],[-157.74438,21.41886],[-157.74431,21.42247],[-157.74371,21.42254],[-157.74338,21.42382],[-157.7419,21.42538],[-157.74354,21.42519],[-157.74628,21.42181],[-157.7476,21.419],[-157.74774,21.41951],[-157.74666,21.42185],[-157.7437,21.42563],[-157.74234,21.42593],[-157.74043,21.42546],[-157.73922,21.42419],[-157.73799,21.42553],[-157.73796,21.42823],[-157.73622,21.43118],[-157.73569,21.43347],[-157.73608,21.43752],[-157.73667,21.43883],[-157.73645,21.4441],[-157.73589,21.44501],[-157.73515,21.44505],[-157.73435,21.44599],[-157.73259,21.44579],[-157.73195,21.44631],[-157.72951,21.44674],[-157.72582,21.44986],[-157.72614,21.45057],[-157.72512,21.45161],[-157.72575,21.45198],[-157.72515,21.45419],[-157.72408,21.45506],[-157.72362,21.45511],[-157.72337,21.45454],[-157.72334,21.45532],[-157.72254,21.45583],[-157.72198,21.45824],[-157.72283,21.45942],[-157.72612,21.45913],[-157.72897,21.45963],[-157.72983,21.46033],[-157.73336,21.45897],[-157.73685,21.45589],[-157.73902,21.45603],[-157.74002,21.45419],[-157.7421,21.45354],[-157.74428,21.4535],[-157.74781,21.45414],[-157.75315,21.45628],[-157.75578,21.45658],[-157.75869,21.45812],[-157.76041,21.45834]]]}},{"id":"24","type":"Feature","properties":{"objectid":25,"county":"OAHU","state_senate":"S25","senate_name":"State Senate District 25","senate_id":25,"senate_abbr":"25TH SEN. DIST.","st_areashape":82607510.7374919,"st_perimetershape":67883.78220232313,"GEOID":"15025","geoid":"15025","name":"State Senate District 25 (2024); Hawaii","below_poverty":2761,"total_population":54071,"median_income":155916,"bachelors_plus":11235,"pop_25_plus":39329,"renter_occupied":3463,"total_housing_units":17897,"b25070_007e":462,"b25070_008e":182,"b25070_009e":390,"b25070_010e":508,"b25070_001e":3463,"median_rent":3384,"b25077_001e":1183900,"b08303_001e":22212,"b08303_008e":5730,"b08303_009e":1253,"b08303_010e":1977,"b08303_011e":3220,"b08303_012e":1296,"b08303_013e":306,"public_transit_workers":459,"b23025_003e":25904,"b23025_005e":1093,"state":15,"sldust":25,"NAME":"State Senate District 25 (2024); Hawaii","poverty_rate":5.11,"bachelors_rate":28.57,"college_educated_pct":28.57,"renter_rate":19.35,"rent_burden_households":1542,"rent_burden_rate":44.53,"severe_rent_burden_rate":14.67,"median_home_value":1183900,"unemployment_rate":4.22,"public_transportation_pct":2.07,"travel_time_to_work_minutes":43.96,"high_school_or_higher_pct":96.49,"white_pct":54.79,"black_pct":1.66,"asian_pct":52.5,"nhpi_pct":29.66,"hispanic_pct":7.54,"vacancy_rate":6.66,"total_households":17897,"snap_households":1079,"NAME_tax":"State Senate District 25; Hawaii; Hawaii","state_tax":15,"district_x":25,"total_returns":50503.662452286946,"eitc_returns":3951.103539442197,"eitc_participation_rate":7.823400022077561,"federal_eitc_avg_amount":2040.9328327711623,"federal_eitc_total_amount":8063936.939325929,"state_eitc_avg_amount":816.373133108465,"state_eitc_total_amount":3225574.7757303715,"ctc_returns":3069.8314292525497,"ctc_participation_rate":6.0784332862052395,"ctc_avg_amount":892.9251645009333,"ctc_total_amount":2741129.733955468,"total_population_tax":384097,"district_y":25,"alice_rate":24.0,"snap_household_rate":8.55,"snap_benefit_annual_per_household":8928.4,"snap_benefits_annual_total":13657480.0,"total_schools":13,"cep_schools":3,"cep_percentage":23.076923076923077,"cep_display":"3/13 CEP schools","geoid_str":"15025"},"geometry":{"type":"Polygon","coordinates":[[[-157.73851,21.40161],[-157.73962,21.40284],[-157.74359,21.40082],[-157.74094,21.39612],[-157.74337,21.39462],[-157.74038,21.39353],[-157.74127,21.39082],[-157.74014,21.3899],[-157.7376,21.38503],[-157.74047,21.38248],[-157.74297,21.38429],[-157.74604,21.38489],[-157.74506,21.37707],[-157.74579,21.37639],[-157.74454,21.37383],[-157.75088,21.37797],[-157.7517,21.37529],[-157.75281,21.37569],[-157.75384,21.37404],[-157.76177,21.36755],[-157.76292,21.36802],[-157.76098,21.36949],[-157.76111,21.37171],[-157.7605,21.37433],[-157.76117,21.37574],[-157.76071,21.37758],[-157.76332,21.37702],[-157.76633,21.37713],[-157.77603,21.37934],[-157.77774,21.37837],[-157.78179,21.3737],[-157.78226,21.36917],[-157.77996,21.36608],[-157.78043,21.36471],[-157.7818,21.36491],[-157.78412,21.36908],[-157.78555,21.36991],[-157.79027,21.36835],[-157.7937,21.36618],[-157.79061,21.36406],[-157.78939,21.36211],[-157.78865,21.35957],[-157.7883,21.35517],[-157.78908,21.35322],[-157.7892,21.35003],[-157.78862,21.34874],[-157.78807,21.34305],[-157.78717,21.34115],[-157.78195,21.33696],[-157.77917,21.33585],[-157.77557,21.33565],[-157.77157,21.33315],[-157.76817,21.33225],[-157.75892,21.33187],[-157.75767,21.33101],[-157.75564,21.33057],[-157.75286,21.32789],[-157.7492,21.32724],[-157.74753,21.32578],[-157.73707,21.32305],[-157.73487,21.32335],[-157.73097,21.32265],[-157.72767,21.32325],[-157.72587,21.32415],[-157.72137,21.31865],[-157.71897,21.31845],[-157.71687,21.31715],[-157.71367,21.31695],[-157.71277,21.31745],[-157.71077,21.31705],[-157.70977,21.31825],[-157.70717,21.31775],[-157.70638,21.31667],[-157.70679,21.31441],[-157.70472,21.3113],[-157.70484,21.30981],[-157.7041,21.30876],[-157.7041,21.30744],[-157.70069,21.30555],[-157.70381,21.30208],[-157.70311,21.3],[-157.70366,21.29846],[-157.70292,21.29721],[-157.70224,21.29375],[-157.70284,21.29138],[-157.7046,21.28974],[-157.70318,21.28882],[-157.70155,21.2898],[-157.70108,21.28953],[-157.70212,21.28829],[-157.70008,21.28847],[-157.70707,21.28397],[-157.70784,21.28397],[-157.70906,21.28525],[-157.7094,21.28511],[-157.70889,21.28327],[-157.71167,21.28226],[-157.71166,21.28107],[-157.70932,21.27771],[-157.70878,21.27529],[-157.70912,21.27335],[-157.70861,21.26984],[-157.71156,21.26365],[-157.71153,21.262],[-157.71042,21.26036],[-157.70717,21.25916],[-157.70067,21.25996],[-157.6979,21.26112],[-157.69796,21.26152],[-157.696,21.26171],[-157.69182,21.2637],[-157.69205,21.26526],[-157.69403,21.26621],[-157.6952,21.26741],[-157.69471,21.26817],[-157.69729,21.26812],[-157.69702,21.27071],[-157.69565,21.27262],[-157.69363,21.27249],[-157.69214,21.27118],[-157.69133,21.2694],[-157.69077,21.26923],[-157.69051,21.26988],[-157.69036,21.26888],[-157.68937,21.26871],[-157.6869,21.27308],[-157.68732,21.27416],[-157.68633,21.27468],[-157.68632,21.27585],[-157.68452,21.27562],[-157.6847,21.27685],[-157.68397,21.27656],[-157.68343,21.27726],[-157.68187,21.27787],[-157.68185,21.27878],[-157.68131,21.27843],[-157.68121,21.27908],[-157.68055,21.27886],[-157.67813,21.2805],[-157.67752,21.28028],[-157.67689,21.28158],[-157.67759,21.2818],[-157.67615,21.28227],[-157.67635,21.28282],[-157.67445,21.28501],[-157.67028,21.28588],[-157.66908,21.28662],[-157.6681,21.28825],[-157.66621,21.28895],[-157.66532,21.28999],[-157.6613,21.29165],[-157.6601,21.29278],[-157.65868,21.29275],[-157.658,21.29336],[-157.65895,21.29393],[-157.66145,21.29384],[-157.66093,21.29463],[-157.65857,21.29471],[-157.65805,21.29456],[-157.65843,21.29416],[-157.6576,21.29381],[-157.65749,21.29485],[-157.65913,21.29579],[-157.65857,21.29671],[-157.65758,21.29573],[-157.65577,21.29598],[-157.65582,21.2965],[-157.65473,21.29715],[-157.6549,21.29813],[-157.65407,21.29705],[-157.65412,21.29787],[-157.65323,21.29772],[-157.65087,21.29895],[-157.64966,21.30335],[-157.64867,21.3041],[-157.64913,21.30565],[-157.64908,21.30886],[-157.64865,21.30996],[-157.64935,21.31119],[-157.65074,21.31008],[-157.65141,21.31064],[-157.65343,21.31094],[-157.65747,21.31003],[-157.65908,21.31018],[-157.66057,21.31185],[-157.66049,21.31425],[-157.6616,21.31523],[-157.66157,21.31574],[-157.66328,21.31667],[-157.66471,21.3167],[-157.6662,21.31609],[-157.66762,21.31656],[-157.67369,21.3221],[-157.67654,21.32319],[-157.67938,21.32522],[-157.68838,21.32851],[-157.69329,21.33237],[-157.70418,21.34822],[-157.70672,21.35331],[-157.70895,21.35993],[-157.70965,21.36441],[-157.7092,21.36484],[-157.70978,21.36531],[-157.7096,21.36692],[-157.70605,21.37618],[-157.70572,21.3801],[-157.70829,21.3811],[-157.71199,21.389],[-157.71385,21.39052],[-157.71588,21.39335],[-157.72035,21.39607],[-157.72229,21.39577],[-157.72551,21.39752],[-157.72671,21.39636],[-157.72713,21.3966],[-157.72579,21.39775],[-157.73395,21.40057],[-157.73676,21.40274],[-157.73851,21.40161]]]}}]}